"CHANNEL","DOPPLER","EPC","PHASE","RSSI","TIME"
"922.75","12.1875","3008 33B2 DDD9 0140 0000 0060","4.921010367537137","-46.5","2021-03-27 21:25:54.064"
"922.75","-1.9375","E200 001D 1910 0121 1310 5A04","5.197126909356553","-73.5","2021-03-27 21:25:54.08"
"922.75","2.4375","3008 33B2 DDD9 0140 0000 0060","4.95168998329485","-46.5","2021-03-27 21:25:54.094"
"922.75","-0.125","E200 001D 1910 0121 1310 5A04","5.0682725231741586","-72.5","2021-03-27 21:25:54.105"
"922.75","2.4375","3008 33B2 DDD9 0140 0000 0060","4.933282213840222","-46.5","2021-03-27 21:25:54.156"
"923.75","1.875","E200 001D 1910 0121 1310 5A04","4.534447208989955","-73.5","2021-03-27 21:25:54.185"
"923.75","-4.875","3008 33B2 DDD9 0140 0000 0060","4.626486056263094","-46.5","2021-03-27 21:25:54.206"
"923.75","-9.75","3008 33B2 DDD9 0140 0000 0060","4.6448938257177215","-46.5","2021-03-27 21:25:54.258"
"923.75","-4.875","3008 33B2 DDD9 0140 0000 0060","4.632621979414636","-46.5","2021-03-27 21:25:54.28"
"923.75","2.4375","3008 33B2 DDD9 0140 0000 0060","4.620350133111551","-47.0","2021-03-27 21:25:54.331"
"923.75","4.875","3008 33B2 DDD9 0140 0000 0060","4.620350133111551","-47.0","2021-03-27 21:25:54.352"
"923.75","0.25","E200 001D 1910 0121 1310 5A04","4.608078286808466","-73.5","2021-03-27 21:25:54.362"
"921.75","-3.0","E200 001D 1910 0117 1310 5A02","5.755495916146925","-69.5","2021-03-27 21:25:54.38"
"921.75","9.75","3008 33B2 DDD9 0140 0000 0060","5.252350217720435","-47.0","2021-03-27 21:25:54.434"
"921.75","0.25","E200 001D 1910 0121 1310 5A04","5.620505606812989","-73.5","2021-03-27 21:25:54.447"
"921.75","-2.3125","E200 001D 1910 0117 1310 5A02","5.786175531904639","-70.5","2021-03-27 21:25:54.464"
"921.75","12.1875","3008 33B2 DDD9 0140 0000 0060","5.240078371417351","-47.0","2021-03-27 21:25:54.472"
"921.75","-0.0625","E200 001D 1910 0121 1310 5A04","5.651185222570702","-73.0","2021-03-27 21:25:54.491"
"921.75","9.75","3008 33B2 DDD9 0140 0000 0060","5.252350217720435","-46.5","2021-03-27 21:25:54.536"
"921.75","0.0","E200 001D 1910 0121 1310 5A04","5.632777453116074","-73.0","2021-03-27 21:25:54.558"
"921.75","4.875","3008 33B2 DDD9 0140 0000 0060","5.264622064023521","-46.5","2021-03-27 21:25:54.566"
"917.75","31.6875","3008 33B2 DDD9 0140 0000 0060","0.2945243112740431","-47.5","2021-03-27 21:25:54.634"
"917.75","21.9375","3008 33B2 DDD9 0140 0000 0060","0.3190680038802134","-48.0","2021-03-27 21:25:54.654"
"917.75","7.3125","3008 33B2 DDD9 0140 0000 0060","0.3436116964863836","-47.5","2021-03-27 21:25:54.706"
"917.75","21.9375","3008 33B2 DDD9 0140 0000 0060","0.3129320807286708","-47.5","2021-03-27 21:25:54.726"
"920.25","-7.3125","3008 33B2 DDD9 0140 0000 0060","5.780039608753096","-47.0","2021-03-27 21:25:54.782"
"920.25","0.0","3008 33B2 DDD9 0140 0000 0060","5.767767762450011","-47.0","2021-03-27 21:25:54.802"
"920.25","-0.1875","E200 001D 1910 0121 1310 5A04","0.18407769454627693","-73.0","2021-03-27 21:25:54.813"
"920.25","14.625","3008 33B2 DDD9 0140 0000 0060","5.724816300389213","-47.0","2021-03-27 21:25:54.862"
"920.25","0.0","E200 001D 1910 0121 1310 5A04","0.17794177139473438","-73.5","2021-03-27 21:25:54.876"
"920.25","-4.875","3008 33B2 DDD9 0140 0000 0060","5.767767762450011","-47.0","2021-03-27 21:25:54.893"
"920.25","1.1875","E200 001D 1910 0121 1310 5A04","0.04295146206079795","-73.0","2021-03-27 21:25:54.905"
"920.25","14.625","3008 33B2 DDD9 0140 0000 0060","5.724816300389213","-47.0","2021-03-27 21:25:54.951"
"920.25","2.4375","3008 33B2 DDD9 0140 0000 0060","5.743224069843841","-47.0","2021-03-27 21:25:54.973"
"918.25","17.0625","3008 33B2 DDD9 0140 0000 0060","0.14726215563702155","-48.0","2021-03-27 21:25:55.031"
"918.25","14.625","3008 33B2 DDD9 0140 0000 0060","0.14112623248547898","-48.0","2021-03-27 21:25:55.051"
"918.25","7.3125","3008 33B2 DDD9 0140 0000 0060","0.14112623248547898","-48.0","2021-03-27 21:25:55.101"
"918.25","12.1875","3008 33B2 DDD9 0140 0000 0060","0.1595340019401067","-48.0","2021-03-27 21:25:55.121"
"918.25","9.75","3008 33B2 DDD9 0140 0000 0060","0.14726215563702155","-48.0","2021-03-27 21:25:55.174"
"908.25","24.375","3008 33B2 DDD9 0140 0000 0060","3.4177091954092087","-50.5","2021-03-27 21:25:55.204"
"908.25","12.1875","3008 33B2 DDD9 0140 0000 0060","3.429981041712294","-50.5","2021-03-27 21:25:55.256"
"908.25","21.9375","3008 33B2 DDD9 0140 0000 0060","3.4054373491061236","-50.5","2021-03-27 21:25:55.277"
"908.25","17.0625","3008 33B2 DDD9 0140 0000 0060","3.436116964863836","-50.5","2021-03-27 21:25:55.329"
"908.25","12.1875","3008 33B2 DDD9 0140 0000 0060","3.423845118560751","-50.5","2021-03-27 21:25:55.351"
"914.75","0.0","3008 33B2 DDD9 0140 0000 0060","1.3314953238847365","-48.5","2021-03-27 21:25:55.404"
"914.75","21.9375","3008 33B2 DDD9 0140 0000 0060","1.3130875544301088","-48.5","2021-03-27 21:25:55.426"
"914.75","12.1875","3008 33B2 DDD9 0140 0000 0060","1.325359400733194","-48.5","2021-03-27 21:25:55.478"
"914.75","21.9375","3008 33B2 DDD9 0140 0000 0060","1.3314953238847365","-48.5","2021-03-27 21:25:55.499"
"914.75","14.625","3008 33B2 DDD9 0140 0000 0060","1.3130875544301088","-48.5","2021-03-27 21:25:55.553"
"914.75","7.3125","3008 33B2 DDD9 0140 0000 0060","1.3192234775816514","-48.5","2021-03-27 21:25:55.574"
"924.75","0.0","3008 33B2 DDD9 0140 0000 0060","4.289010282928253","-46.5","2021-03-27 21:25:55.632"
"924.75","0.0","3008 33B2 DDD9 0140 0000 0060","4.295146206079795","-46.0","2021-03-27 21:25:55.653"
"924.75","14.625","3008 33B2 DDD9 0140 0000 0060","4.276738436625168","-46.5","2021-03-27 21:25:55.706"
"924.75","4.875","3008 33B2 DDD9 0140 0000 0060","4.289010282928253","-46.0","2021-03-27 21:25:55.728"
"924.75","9.75","3008 33B2 DDD9 0140 0000 0060","4.28287435977671","-46.0","2021-03-27 21:25:55.782"
"913.75","9.75","3008 33B2 DDD9 0140 0000 0060","1.6444274046134073","-49.0","2021-03-27 21:25:55.822"
"913.75","0.0","3008 33B2 DDD9 0140 0000 0060","1.662835174068035","-49.0","2021-03-27 21:25:55.876"
"913.75","7.3125","3008 33B2 DDD9 0140 0000 0060","1.6382914814618648","-49.0","2021-03-27 21:25:55.898"
"913.75","24.375","3008 33B2 DDD9 0140 0000 0060","1.6198837120072371","-49.0","2021-03-27 21:25:55.95"
"913.75","2.4375","3008 33B2 DDD9 0140 0000 0060","1.6689710972195777","-49.0","2021-03-27 21:25:55.971"
"925.25","0.0","3008 33B2 DDD9 0140 0000 0060","4.129476280988146","-46.5","2021-03-27 21:25:56.025"
"925.25","9.75","3008 33B2 DDD9 0140 0000 0060","4.1172044346850605","-46.5","2021-03-27 21:25:56.045"
"925.25","9.75","3008 33B2 DDD9 0140 0000 0060","4.1172044346850605","-46.5","2021-03-27 21:25:56.095"
"925.25","2.4375","3008 33B2 DDD9 0140 0000 0060","4.123340357836604","-46.5","2021-03-27 21:25:56.118"
"925.25","-2.4375","3008 33B2 DDD9 0140 0000 0060","4.135612204139688","-46.5","2021-03-27 21:25:56.169"
"925.25","4.875","3008 33B2 DDD9 0140 0000 0060","4.111068511533518","-46.0","2021-03-27 21:25:56.191"
"915.25","7.3125","3008 33B2 DDD9 0140 0000 0060","1.1780972450961724","-48.0","2021-03-27 21:25:56.243"
"915.25","19.5","3008 33B2 DDD9 0140 0000 0060","1.1658253987930873","-48.5","2021-03-27 21:25:56.262"
"915.25","21.9375","3008 33B2 DDD9 0140 0000 0060","1.1535535524900022","-48.0","2021-03-27 21:25:56.316"
"915.25","-2.4375","3008 33B2 DDD9 0140 0000 0060","1.1596894756415448","-48.0","2021-03-27 21:25:56.338"
"915.25","19.5","3008 33B2 DDD9 0140 0000 0060","1.141281706186917","-48.0","2021-03-27 21:25:56.389"
"915.25","7.3125","3008 33B2 DDD9 0140 0000 0060","1.1719613219446299","-48.0","2021-03-27 21:25:56.41"
"911.75","7.3125","3008 33B2 DDD9 0140 0000 0060","2.2641556429192065","-49.5","2021-03-27 21:25:56.462"
"911.75","7.3125","3008 33B2 DDD9 0140 0000 0060","2.270291566070749","-50.0","2021-03-27 21:25:56.483"
"911.75","2.4375","3008 33B2 DDD9 0140 0000 0060","2.3071071049800045","-50.0","2021-03-27 21:25:56.537"
"911.75","7.3125","3008 33B2 DDD9 0140 0000 0060","2.282563412373834","-49.5","2021-03-27 21:25:56.56"
"911.75","9.75","3008 33B2 DDD9 0140 0000 0060","2.3009711818284617","-49.5","2021-03-27 21:25:56.612"
"911.75","-17.0625","3008 33B2 DDD9 0140 0000 0060","2.3316507975861747","-49.5","2021-03-27 21:25:56.634"
"918.75","29.25","3008 33B2 DDD9 0140 0000 0060","6.240233845118788","-48.0","2021-03-27 21:25:56.688"
"918.75","7.3125","3008 33B2 DDD9 0140 0000 0060","0.006135923151542565","-48.0","2021-03-27 21:25:56.708"
"918.75","12.1875","3008 33B2 DDD9 0140 0000 0060","6.2463697682703305","-48.0","2021-03-27 21:25:56.758"
"918.75","14.625","3008 33B2 DDD9 0140 0000 0060","6.258641614573416","-48.0","2021-03-27 21:25:56.778"
"918.75","-4.875","3008 33B2 DDD9 0140 0000 0060","0.0","-48.0","2021-03-27 21:25:56.829"
"918.75","4.875","3008 33B2 DDD9 0140 0000 0060","6.277049384028044","-48.0","2021-03-27 21:25:56.849"
"912.75","14.625","3008 33B2 DDD9 0140 0000 0060","1.9512235621905356","-48.5","2021-03-27 21:25:56.899"
"912.75","9.75","3008 33B2 DDD9 0140 0000 0060","1.9512235621905356","-48.5","2021-03-27 21:25:56.923"
"912.75","12.1875","3008 33B2 DDD9 0140 0000 0060","1.9634954084936207","-48.5","2021-03-27 21:25:56.975"
"912.75","12.1875","3008 33B2 DDD9 0140 0000 0060","1.9573594853420782","-48.5","2021-03-27 21:25:56.997"
"912.75","7.3125","3008 33B2 DDD9 0140 0000 0060","1.9696313316451632","-49.0","2021-03-27 21:25:57.05"
"912.75","9.75","3008 33B2 DDD9 0140 0000 0060","1.9634954084936207","-49.0","2021-03-27 21:25:57.073"
"917.25","14.625","3008 33B2 DDD9 0140 0000 0060","0.4908738521234052","-48.0","2021-03-27 21:25:57.145"
"917.25","12.1875","3008 33B2 DDD9 0140 0000 0060","0.5031456984264903","-48.0","2021-03-27 21:25:57.169"
"917.25","17.0625","3008 33B2 DDD9 0140 0000 0060","0.5031456984264903","-48.0","2021-03-27 21:25:57.218"
"917.25","7.3125","3008 33B2 DDD9 0140 0000 0060","0.4908738521234052","-48.0","2021-03-27 21:25:57.241"
"909.75","12.1875","3008 33B2 DDD9 0140 0000 0060","2.9206994201342606","-50.0","2021-03-27 21:25:57.3"
"909.75","17.0625","3008 33B2 DDD9 0140 0000 0060","2.9329712664373457","-50.0","2021-03-27 21:25:57.322"
"909.75","21.9375","3008 33B2 DDD9 0140 0000 0060","2.9022916506796332","-50.0","2021-03-27 21:25:57.376"
"909.75","19.5","3008 33B2 DDD9 0140 0000 0060","2.9022916506796332","-50.0","2021-03-27 21:25:57.397"
"909.75","4.875","3008 33B2 DDD9 0140 0000 0060","2.9145634969827183","-50.0","2021-03-27 21:25:57.449"
"909.75","4.875","3008 33B2 DDD9 0140 0000 0060","2.945243112740431","-50.0","2021-03-27 21:25:57.471"
"907.75","26.8125","3008 33B2 DDD9 0140 0000 0060","3.5588354278946874","-50.5","2021-03-27 21:25:57.523"
"907.75","12.1875","3008 33B2 DDD9 0140 0000 0060","3.5833791205008576","-50.5","2021-03-27 21:25:57.546"
"907.75","12.1875","3008 33B2 DDD9 0140 0000 0060","3.5895150436524004","-50.5","2021-03-27 21:25:57.598"
"907.75","14.625","3008 33B2 DDD9 0140 0000 0060","3.5895150436524004","-51.0","2021-03-27 21:25:57.622"
"907.75","9.75","3008 33B2 DDD9 0140 0000 0060","3.6017868899554855","-51.0","2021-03-27 21:25:57.675"
"907.75","26.8125","3008 33B2 DDD9 0140 0000 0060","3.5833791205008576","-51.0","2021-03-27 21:25:57.695"
"907.25","12.1875","3008 33B2 DDD9 0140 0000 0060","3.7551849687440497","-51.0","2021-03-27 21:25:57.747"
"907.25","29.25","3008 33B2 DDD9 0140 0000 0060","3.749049045592507","-51.0","2021-03-27 21:25:57.768"
"907.25","26.8125","3008 33B2 DDD9 0140 0000 0060","3.77972866135022","-51.0","2021-03-27 21:25:57.821"
"907.25","19.5","3008 33B2 DDD9 0140 0000 0060","3.749049045592507","-51.0","2021-03-27 21:25:57.842"
"907.25","29.25","3008 33B2 DDD9 0140 0000 0060","3.730641276137879","-51.0","2021-03-27 21:25:57.895"
"907.25","14.625","3008 33B2 DDD9 0140 0000 0060","3.7551849687440497","-51.0","2021-03-27 21:25:57.918"
"923.25","12.1875","3008 33B2 DDD9 0140 0000 0060","4.767612288748572","-46.5","2021-03-27 21:25:57.976"
"923.25","-3.125","E200 001D 1910 0121 1310 5A04","4.945554060143307","-73.0","2021-03-27 21:25:57.992"
"923.25","7.3125","3008 33B2 DDD9 0140 0000 0060","4.773748211900116","-46.5","2021-03-27 21:25:58.007"
"923.25","0.5","E200 001D 1910 0121 1310 5A04","4.853515212870168","-73.0","2021-03-27 21:25:58.023"
"923.25","7.3125","3008 33B2 DDD9 0140 0000 0060","4.773748211900116","-46.5","2021-03-27 21:25:58.069"
"923.25","-2.5","E200 001D 1910 0121 1310 5A04","4.97623367590102","-73.5","2021-03-27 21:25:58.081"
"923.25","2.4375","3008 33B2 DDD9 0140 0000 0060","4.779884135051658","-47.0","2021-03-27 21:25:58.099"
"923.25","-1.1875","E200 001D 1910 0121 1310 5A04","4.804427827657828","-73.5","2021-03-27 21:25:58.116"
"906.75","14.625","3008 33B2 DDD9 0140 0000 0060","3.9392626632903265","-51.5","2021-03-27 21:25:58.161"
"906.75","-2.4375","3008 33B2 DDD9 0140 0000 0060","3.9760782021995817","-51.5","2021-03-27 21:25:58.183"
"906.75","2.4375","3008 33B2 DDD9 0140 0000 0060","3.9453985864418692","-51.5","2021-03-27 21:25:58.235"
"906.75","19.5","3008 33B2 DDD9 0140 0000 0060","3.902447124381071","-51.5","2021-03-27 21:25:58.256"
"906.75","17.0625","3008 33B2 DDD9 0140 0000 0060","3.9085830475326135","-51.5","2021-03-27 21:25:58.308"
"906.75","12.1875","3008 33B2 DDD9 0140 0000 0060","3.902447124381071","-51.5","2021-03-27 21:25:58.329"
"915.75","24.375","3008 33B2 DDD9 0140 0000 0060","0.9940195505498954","-48.0","2021-03-27 21:25:58.38"
"915.75","14.625","3008 33B2 DDD9 0140 0000 0060","1.0062913968529805","-48.0","2021-03-27 21:25:58.402"
"915.75","-2.4375","3008 33B2 DDD9 0140 0000 0060","1.012427320004523","-48.0","2021-03-27 21:25:58.452"
"915.75","2.4375","3008 33B2 DDD9 0140 0000 0060","1.000155473701438","-48.0","2021-03-27 21:25:58.472"
"915.75","7.3125","3008 33B2 DDD9 0140 0000 0060","1.012427320004523","-48.0","2021-03-27 21:25:58.524"
"915.75","9.75","3008 33B2 DDD9 0140 0000 0060","1.0062913968529805","-48.0","2021-03-27 21:25:58.545"
"919.75","9.75","3008 33B2 DDD9 0140 0000 0060","5.915029918087033","-47.5","2021-03-27 21:25:58.596"
"919.75","0.25","E200 001D 1910 0121 1310 5A04","0.5276893910326605","-73.0","2021-03-27 21:25:58.61"
"919.75","12.1875","3008 33B2 DDD9 0140 0000 0060","5.915029918087033","-47.0","2021-03-27 21:25:58.625"
"919.75","-0.25","E200 001D 1910 0121 1310 5A04","0.5460971604872883","-73.5","2021-03-27 21:25:58.642"
"919.75","9.75","3008 33B2 DDD9 0140 0000 0060","5.921165841238575","-47.0","2021-03-27 21:25:58.686"
"919.75","-1.125","E200 001D 1910 0121 1310 5A04","0.6381360077604268","-73.0","2021-03-27 21:25:58.701"
"919.75","12.1875","3008 33B2 DDD9 0140 0000 0060","5.915029918087033","-47.0","2021-03-27 21:25:58.718"
"919.75","-0.875","E200 001D 1910 0121 1310 5A04","0.6135923151542565","-73.0","2021-03-27 21:25:58.728"
"919.75","4.875","3008 33B2 DDD9 0140 0000 0060","5.921165841238575","-47.0","2021-03-27 21:25:58.776"
"919.75","-0.125","E200 001D 1910 0121 1310 5A04","0.607456392002714","-73.5","2021-03-27 21:25:58.792"
"913.25","4.875","3008 33B2 DDD9 0140 0000 0060","1.7916895602504288","-48.5","2021-03-27 21:25:58.821"
"913.25","14.625","3008 33B2 DDD9 0140 0000 0060","1.7916895602504288","-48.5","2021-03-27 21:25:58.873"
"913.25","-12.1875","3008 33B2 DDD9 0140 0000 0060","1.846912868614312","-48.5","2021-03-27 21:25:58.897"
"913.25","9.75","3008 33B2 DDD9 0140 0000 0060","1.8039614065535141","-49.0","2021-03-27 21:25:58.949"
"913.25","21.9375","3008 33B2 DDD9 0140 0000 0060","1.7794177139473437","-49.0","2021-03-27 21:25:58.973"
"904.75","-2.4375","3008 33B2 DDD9 0140 0000 0060","4.503767593232243","-52.0","2021-03-27 21:25:59.023"
"904.75","9.75","3008 33B2 DDD9 0140 0000 0060","4.528311285838413","-52.0","2021-03-27 21:25:59.045"
"904.75","29.25","3008 33B2 DDD9 0140 0000 0060","4.4976316700806995","-52.0","2021-03-27 21:25:59.099"
"904.75","2.4375","3008 33B2 DDD9 0140 0000 0060","4.528311285838413","-52.0","2021-03-27 21:25:59.121"
"904.75","41.5","3008 33B2 DDD9 0140 0000 0060","4.466952054322987","-52.0","2021-03-27 21:25:59.175"
"904.75","24.375","3008 33B2 DDD9 0140 0000 0060","4.528311285838413","-52.0","2021-03-27 21:25:59.196"
"924.25","-1.5","E200 001D 1910 0121 1310 5A04","4.3933209765044765","-73.5","2021-03-27 21:25:59.243"
"924.25","12.1875","3008 33B2 DDD9 0140 0000 0060","4.430136515413731","-46.5","2021-03-27 21:25:59.283"
"924.25","-0.875","E200 001D 1910 0121 1310 5A04","1.239456476611598","-74.0","2021-03-27 21:25:59.303"
"924.25","14.625","3008 33B2 DDD9 0140 0000 0060","4.430136515413731","-46.5","2021-03-27 21:25:59.312"
"924.25","-0.625","E200 001D 1910 0121 1310 5A04","4.454680208019902","-74.0","2021-03-27 21:25:59.324"
"924.25","-4.875","3008 33B2 DDD9 0140 0000 0060","4.448544284868359","-46.5","2021-03-27 21:25:59.373"
"924.25","1.9375","E200 001D 1910 0121 1310 5A04","4.362641360746763","-74.0","2021-03-27 21:25:59.391"
"924.25","7.3125","3008 33B2 DDD9 0140 0000 0060","4.430136515413731","-46.0","2021-03-27 21:25:59.406"
"924.25","-1.125","E200 001D 1910 0121 1310 5A04","4.424000592262189","-73.5","2021-03-27 21:25:59.417"
"922.25","7.3125","3008 33B2 DDD9 0140 0000 0060","5.086680292628786","-46.5","2021-03-27 21:25:59.475"
"922.25","0.75","E200 001D 1910 0121 1310 5A04","5.240078371417351","-73.0","2021-03-27 21:25:59.49"
"922.25","-4.875","3008 33B2 DDD9 0140 0000 0060","5.105088062083414","-47.0","2021-03-27 21:25:59.504"
"922.25","-2.125","E200 001D 1910 0121 1310 5A04","5.4671075280244255","-73.0","2021-03-27 21:25:59.523"
"922.25","4.875","3008 33B2 DDD9 0140 0000 0060","5.086680292628786","-46.5","2021-03-27 21:25:59.565"
"922.25","-1.625","E200 001D 1910 0121 1310 5A04","5.522330836388308","-73.0","2021-03-27 21:25:59.589"
"922.25","4.875","3008 33B2 DDD9 0140 0000 0060","5.086680292628786","-46.5","2021-03-27 21:25:59.595"
"922.25","0.0625","E200 001D 1910 0121 1310 5A04","5.448699758569798","-73.0","2021-03-27 21:25:59.61"
"910.25","4.875","3008 33B2 DDD9 0140 0000 0060","2.779573187648782","-50.0","2021-03-27 21:25:59.679"
"910.25","12.1875","3008 33B2 DDD9 0140 0000 0060","2.736621725587984","-50.0","2021-03-27 21:25:59.702"
"910.25","19.5","3008 33B2 DDD9 0140 0000 0060","2.742757648739526","-50.0","2021-03-27 21:25:59.753"
"910.25","17.0625","3008 33B2 DDD9 0140 0000 0060","2.748893571891069","-50.0","2021-03-27 21:25:59.775"
"920.75","0.0","3008 33B2 DDD9 0140 0000 0060","5.595961914206819","-47.0","2021-03-27 21:25:59.835"
"920.75","-2.5","E200 001D 1910 0121 1310 5A04","0.0674951546669682","-73.0","2021-03-27 21:25:59.85"
"920.75","2.4375","3008 33B2 DDD9 0140 0000 0060","5.589825991055276","-47.0","2021-03-27 21:25:59.863"
"920.75","1.125","E200 001D 1910 0121 1310 5A04","6.1850105367549055","-72.5","2021-03-27 21:25:59.878"
"920.75","7.3125","3008 33B2 DDD9 0140 0000 0060","5.577554144752192","-47.0","2021-03-27 21:25:59.925"
"920.75","-0.5","E200 001D 1910 0121 1310 5A04","6.2463697682703305","-72.5","2021-03-27 21:25:59.944"
"920.75","12.1875","3008 33B2 DDD9 0140 0000 0060","5.589825991055276","-47.0","2021-03-27 21:25:59.956"
"920.75","0.25","E200 001D 1910 0121 1310 5A04","6.234097921967246","-73.0","2021-03-27 21:25:59.971"
"920.75","4.875","3008 33B2 DDD9 0140 0000 0060","5.5714182216006485","-47.0","2021-03-27 21:26:00.016"
"925.75","12.1875","3008 33B2 DDD9 0140 0000 0060","3.9392626632903265","-46.5","2021-03-27 21:26:00.053"
"925.75","-2.4375","3008 33B2 DDD9 0140 0000 0060","3.9638063558964967","-46.5","2021-03-27 21:26:00.104"
"925.75","2.4375","3008 33B2 DDD9 0140 0000 0060","3.9638063558964967","-46.5","2021-03-27 21:26:00.126"
"925.75","7.3125","3008 33B2 DDD9 0140 0000 0060","3.9515345095934116","-47.0","2021-03-27 21:26:00.177"
"925.75","0.0","3008 33B2 DDD9 0140 0000 0060","3.9638063558964967","-46.5","2021-03-27 21:26:00.197"
"906.25","17.0625","3008 33B2 DDD9 0140 0000 0060","4.074252972624263","-51.5","2021-03-27 21:26:00.249"
"906.25","31.6875","3008 33B2 DDD9 0140 0000 0060","4.025165587411922","-51.0","2021-03-27 21:26:00.27"
"906.25","26.8125","3008 33B2 DDD9 0140 0000 0060","4.049709280018092","-51.5","2021-03-27 21:26:00.32"
"906.25","7.3125","3008 33B2 DDD9 0140 0000 0060","4.061981126321178","-51.5","2021-03-27 21:26:00.343"
"906.25","14.625","3008 33B2 DDD9 0140 0000 0060","4.086524818927348","-51.5","2021-03-27 21:26:00.396"
"906.25","21.9375","3008 33B2 DDD9 0140 0000 0060","4.06811704947272","-51.5","2021-03-27 21:26:00.416"
"919.25","12.1875","3008 33B2 DDD9 0140 0000 0060","6.080699843178682","-47.5","2021-03-27 21:26:00.476"
"919.25","1.875","E200 001D 1910 0121 1310 5A04","0.6933593161243098","-73.0","2021-03-27 21:26:00.495"
"919.25","2.4375","3008 33B2 DDD9 0140 0000 0060","6.086835766330224","-47.5","2021-03-27 21:26:00.508"
"919.25","0.625","E200 001D 1910 0121 1310 5A04","0.7240389318820226","-73.5","2021-03-27 21:26:00.519"
"919.25","14.625","3008 33B2 DDD9 0140 0000 0060","6.086835766330224","-47.5","2021-03-27 21:26:00.568"
"919.25","-1.625","E200 001D 1910 0121 1310 5A04","0.7731263170943632","-73.5","2021-03-27 21:26:00.588"
"919.25","9.75","3008 33B2 DDD9 0140 0000 0060","6.092971689481767","-47.5","2021-03-27 21:26:00.6"
"919.25","1.25","E200 001D 1910 0121 1310 5A04","0.7792622402459057","-73.5","2021-03-27 21:26:00.61"
"914.25","0.0","3008 33B2 DDD9 0140 0000 0060","1.5033011721279284","-49.0","2021-03-27 21:26:00.661"
"914.25","7.3125","3008 33B2 DDD9 0140 0000 0060","1.5155730184310134","-49.0","2021-03-27 21:26:00.682"
"914.25","-2.4375","3008 33B2 DDD9 0140 0000 0060","1.5033011721279284","-49.0","2021-03-27 21:26:00.734"
"914.25","19.5","3008 33B2 DDD9 0140 0000 0060","1.4664856332186729","-49.0","2021-03-27 21:26:00.755"
"914.25","9.75","3008 33B2 DDD9 0140 0000 0060","1.4971652489763858","-49.0","2021-03-27 21:26:00.809"
"914.25","9.75","3008 33B2 DDD9 0140 0000 0060","1.4910293258248433","-49.0","2021-03-27 21:26:00.829"
"905.25","14.625","3008 33B2 DDD9 0140 0000 0060","4.399456899656019","-51.5","2021-03-27 21:26:00.882"
"905.25","4.875","3008 33B2 DDD9 0140 0000 0060","4.387185053352934","-51.5","2021-03-27 21:26:00.904"
"905.25","4.875","3008 33B2 DDD9 0140 0000 0060","4.417864669110647","-51.5","2021-03-27 21:26:00.958"
"905.25","12.1875","3008 33B2 DDD9 0140 0000 0060","4.399456899656019","-51.5","2021-03-27 21:26:00.981"
"905.25","9.75","3008 33B2 DDD9 0140 0000 0060","4.405592822807561","-51.5","2021-03-27 21:26:01.035"
"905.25","4.875","3008 33B2 DDD9 0140 0000 0060","4.405592822807561","-51.5","2021-03-27 21:26:01.057"
"916.75","2.4375","3008 33B2 DDD9 0140 0000 0060","0.6994952392758523","-48.5","2021-03-27 21:26:01.13"
"916.75","24.375","3008 33B2 DDD9 0140 0000 0060","0.6442719309119693","-48.0","2021-03-27 21:26:01.151"
"916.75","24.375","3008 33B2 DDD9 0140 0000 0060","0.6381360077604268","-48.0","2021-03-27 21:26:01.201"
"916.75","9.75","3008 33B2 DDD9 0140 0000 0060","0.6810874698212247","-48.0","2021-03-27 21:26:01.221"
"927.25","19.5","3008 33B2 DDD9 0140 0000 0060","3.411573272257666","-46.0","2021-03-27 21:26:01.282"
"927.25","7.3125","3008 33B2 DDD9 0140 0000 0060","3.442252888015379","-46.0","2021-03-27 21:26:01.304"
"927.25","9.75","3008 33B2 DDD9 0140 0000 0060","3.436116964863836","-46.0","2021-03-27 21:26:01.354"
"927.25","17.0625","3008 33B2 DDD9 0140 0000 0060","3.4177091954092087","-46.0","2021-03-27 21:26:01.375"
"927.25","21.9375","3008 33B2 DDD9 0140 0000 0060","3.436116964863836","-46.0","2021-03-27 21:26:01.427"
"927.25","19.5","3008 33B2 DDD9 0140 0000 0060","3.4177091954092087","-46.0","2021-03-27 21:26:01.448"
"908.75","14.625","3008 33B2 DDD9 0140 0000 0060","3.2581751934691017","-50.5","2021-03-27 21:26:01.498"
"908.75","19.5","3008 33B2 DDD9 0140 0000 0060","3.2581751934691017","-50.5","2021-03-27 21:26:01.518"
"908.75","24.375","3008 33B2 DDD9 0140 0000 0060","3.2643111166206444","-50.5","2021-03-27 21:26:01.572"
"908.75","4.875","3008 33B2 DDD9 0140 0000 0060","3.2827188860752723","-50.5","2021-03-27 21:26:01.594"
"908.75","12.1875","3008 33B2 DDD9 0140 0000 0060","3.2643111166206444","-50.5","2021-03-27 21:26:01.646"
"908.75","31.6875","3008 33B2 DDD9 0140 0000 0060","3.227495577711389","-50.5","2021-03-27 21:26:01.668"
"911.25","-2.4375","3008 33B2 DDD9 0140 0000 0060","2.454369260617026","-49.5","2021-03-27 21:26:01.727"
"911.25","17.0625","3008 33B2 DDD9 0140 0000 0060","2.411417798556228","-49.5","2021-03-27 21:26:01.749"
"911.25","0.0","3008 33B2 DDD9 0140 0000 0060","2.442097414313941","-49.5","2021-03-27 21:26:01.803"
"911.25","12.1875","3008 33B2 DDD9 0140 0000 0060","2.435961491162398","-49.5","2021-03-27 21:26:01.824"
"911.25","7.3125","3008 33B2 DDD9 0140 0000 0060","2.429825568010856","-49.5","2021-03-27 21:26:01.878"
"902.75","4.875","3008 33B2 DDD9 0140 0000 0060","5.086680292628786","-52.5","2021-03-27 21:26:01.917"
"902.75","2.4375","3008 33B2 DDD9 0140 0000 0060","5.0682725231741586","-52.5","2021-03-27 21:26:01.971"
"902.75","17.0625","3008 33B2 DDD9 0140 0000 0060","5.049864753719531","-53.0","2021-03-27 21:26:01.994"
"902.75","7.3125","3008 33B2 DDD9 0140 0000 0060","5.080544369477243","-53.0","2021-03-27 21:26:02.047"
"902.75","21.9375","3008 33B2 DDD9 0140 0000 0060","5.0253210611133605","-52.5","2021-03-27 21:26:02.07"
"903.75","21.9375","3008 33B2 DDD9 0140 0000 0060","4.792155981354743","-52.5","2021-03-27 21:26:02.122"
"903.75","14.625","3008 33B2 DDD9 0140 0000 0060","4.798291904506286","-52.5","2021-03-27 21:26:02.144"
"903.75","4.875","3008 33B2 DDD9 0140 0000 0060","4.773748211900116","-52.5","2021-03-27 21:26:02.197"
"903.75","9.75","3008 33B2 DDD9 0140 0000 0060","4.798291904506286","-52.5","2021-03-27 21:26:02.22"
"903.75","-9.75","3008 33B2 DDD9 0140 0000 0060","4.816699673960914","-52.5","2021-03-27 21:26:02.274"
"903.75","17.0625","3008 33B2 DDD9 0140 0000 0060","4.816699673960914","-52.5","2021-03-27 21:26:02.295"
"926.75","14.625","3008 33B2 DDD9 0140 0000 0060","3.5956509668039427","-46.0","2021-03-27 21:26:02.373"
"926.75","17.0625","3008 33B2 DDD9 0140 0000 0060","3.5895150436524004","-46.0","2021-03-27 21:26:02.392"
"926.75","14.625","3008 33B2 DDD9 0140 0000 0060","3.5956509668039427","-46.0","2021-03-27 21:26:02.446"
"926.75","4.875","3008 33B2 DDD9 0140 0000 0060","3.6079228131070282","-46.0","2021-03-27 21:26:02.466"
"904.25","0.0","3008 33B2 DDD9 0140 0000 0060","4.675573441475434","-52.5","2021-03-27 21:26:02.524"
"904.25","7.3125","3008 33B2 DDD9 0140 0000 0060","4.700117134081604","-52.5","2021-03-27 21:26:02.547"
"904.25","21.9375","3008 33B2 DDD9 0140 0000 0060","4.657165672020807","-52.5","2021-03-27 21:26:02.599"
"904.25","12.1875","3008 33B2 DDD9 0140 0000 0060","4.657165672020807","-52.5","2021-03-27 21:26:02.621"
"904.25","7.3125","3008 33B2 DDD9 0140 0000 0060","4.675573441475434","-52.5","2021-03-27 21:26:02.675"
"904.25","9.75","3008 33B2 DDD9 0140 0000 0060","4.681709364626977","-52.5","2021-03-27 21:26:02.696"
"916.25","14.625","3008 33B2 DDD9 0140 0000 0060","0.8406214717613314","-48.5","2021-03-27 21:26:02.756"
"916.25","2.4375","3008 33B2 DDD9 0140 0000 0060","0.8774370106705868","-48.5","2021-03-27 21:26:02.778"
"916.25","14.625","3008 33B2 DDD9 0140 0000 0060","0.859029241215959","-48.5","2021-03-27 21:26:02.828"
"916.25","4.875","3008 33B2 DDD9 0140 0000 0060","0.8467573949128739","-48.5","2021-03-27 21:26:02.847"
"916.25","9.75","3008 33B2 DDD9 0140 0000 0060","0.8406214717613314","-48.5","2021-03-27 21:26:02.899"
"905.75","2.4375","3008 33B2 DDD9 0140 0000 0060","4.252194744018997","-51.5","2021-03-27 21:26:02.945"
"905.75","19.5","3008 33B2 DDD9 0140 0000 0060","4.2031073588066565","-51.0","2021-03-27 21:26:02.998"
"905.75","7.3125","3008 33B2 DDD9 0140 0000 0060","4.23378697456437","-51.5","2021-03-27 21:26:03.019"
"905.75","14.625","3008 33B2 DDD9 0140 0000 0060","4.215379205109742","-51.5","2021-03-27 21:26:03.071"
"905.75","19.5","3008 33B2 DDD9 0140 0000 0060","4.23378697456437","-51.5","2021-03-27 21:26:03.093"
"910.75","12.1875","3008 33B2 DDD9 0140 0000 0060","2.5893595699509624","-49.5","2021-03-27 21:26:03.144"
"910.75","14.625","3008 33B2 DDD9 0140 0000 0060","2.5893595699509624","-49.5","2021-03-27 21:26:03.167"
"910.75","7.3125","3008 33B2 DDD9 0140 0000 0060","2.6016314162540475","-49.5","2021-03-27 21:26:03.22"
"910.75","0.0","3008 33B2 DDD9 0140 0000 0060","2.6139032625571326","-49.5","2021-03-27 21:26:03.244"
"910.75","9.75","3008 33B2 DDD9 0140 0000 0060","2.6016314162540475","-50.0","2021-03-27 21:26:03.297"
"910.75","12.1875","3008 33B2 DDD9 0140 0000 0060","2.6016314162540475","-49.5","2021-03-27 21:26:03.317"
"921.25","4.875","3008 33B2 DDD9 0140 0000 0060","5.43029198911517","-47.0","2021-03-27 21:26:03.371"
"921.25","-0.75","E200 001D 1910 0121 1310 5A04","5.9518454569962875","-73.0","2021-03-27 21:26:03.388"
"921.25","17.0625","3008 33B2 DDD9 0140 0000 0060","5.405748296509","-47.0","2021-03-27 21:26:03.403"
"921.25","-1.5","E200 001D 1910 0121 1310 5A04","5.9518454569962875","-72.5","2021-03-27 21:26:03.414"
"921.25","-2.4375","3008 33B2 DDD9 0140 0000 0060","5.436427912266712","-47.0","2021-03-27 21:26:03.462"
"921.25","1.75","E200 001D 1910 0121 1310 5A04","5.767767762450011","-72.5","2021-03-27 21:26:03.479"
"921.25","-2.4375","3008 33B2 DDD9 0140 0000 0060","5.43029198911517","-47.0","2021-03-27 21:26:03.492"
"921.25","-0.0625","E200 001D 1910 0121 1310 5A04","5.9088939949354895","-73.0","2021-03-27 21:26:03.509"
"921.25","-7.3125","3008 33B2 DDD9 0140 0000 0060","5.436427912266712","-47.0","2021-03-27 21:26:03.553"
"909.25","17.0625","3008 33B2 DDD9 0140 0000 0060","3.067961575771282","-50.5","2021-03-27 21:26:03.59"
"909.25","26.8125","3008 33B2 DDD9 0140 0000 0060","3.074097498922825","-50.5","2021-03-27 21:26:03.644"
"909.25","2.4375","3008 33B2 DDD9 0140 0000 0060","3.0925052683774528","-50.5","2021-03-27 21:26:03.666"
"909.25","14.625","3008 33B2 DDD9 0140 0000 0060","3.098641191528995","-50.5","2021-03-27 21:26:03.719"
"909.25","26.8125","3008 33B2 DDD9 0140 0000 0060","3.08636934522591","-50.5","2021-03-27 21:26:03.74"
"912.25","4.875","3008 33B2 DDD9 0140 0000 0060","2.1353012567368124","-49.0","2021-03-27 21:26:03.799"
"912.25","12.1875","3008 33B2 DDD9 0140 0000 0060","2.12916533358527","-49.0","2021-03-27 21:26:03.821"
"912.25","21.9375","3008 33B2 DDD9 0140 0000 0060","2.098485717827557","-49.0","2021-03-27 21:26:03.874"
"912.25","19.5","3008 33B2 DDD9 0140 0000 0060","2.110757564130642","-49.0","2021-03-27 21:26:03.897"
"912.25","17.0625","3008 33B2 DDD9 0140 0000 0060","2.1046216409791","-49.0","2021-03-27 21:26:03.948"
"903.25","17.0625","3008 33B2 DDD9 0140 0000 0060","4.933282213840222","-52.5","2021-03-27 21:26:03.985"
"903.25","12.1875","3008 33B2 DDD9 0140 0000 0060","4.92714629068868","-52.5","2021-03-27 21:26:04.039"
"903.25","17.0625","3008 33B2 DDD9 0140 0000 0060","4.908738521234052","-52.5","2021-03-27 21:26:04.061"
"903.25","26.8125","3008 33B2 DDD9 0140 0000 0060","4.914874444385594","-52.5","2021-03-27 21:26:04.115"
"903.25","12.1875","3008 33B2 DDD9 0140 0000 0060","4.945554060143307","-52.5","2021-03-27 21:26:04.134"
"926.25","19.5","3008 33B2 DDD9 0140 0000 0060","3.7551849687440497","-46.5","2021-03-27 21:26:04.19"
"926.25","4.875","3008 33B2 DDD9 0140 0000 0060","3.77972866135022","-46.5","2021-03-27 21:26:04.209"
"926.25","19.5","3008 33B2 DDD9 0140 0000 0060","3.749049045592507","-46.0","2021-03-27 21:26:04.26"
"926.25","17.0625","3008 33B2 DDD9 0140 0000 0060","3.767456815047135","-46.5","2021-03-27 21:26:04.279"
"926.25","12.1875","3008 33B2 DDD9 0140 0000 0060","3.773592738198677","-46.5","2021-03-27 21:26:04.331"
"926.25","7.3125","3008 33B2 DDD9 0140 0000 0060","3.77972866135022","-46.5","2021-03-27 21:26:04.352"
"922.75","9.75","3008 33B2 DDD9 0140 0000 0060","4.933282213840222","-46.0","2021-03-27 21:26:04.405"
"922.75","-0.1875","E200 001D 1910 0121 1310 5A04","4.945554060143307","-73.5","2021-03-27 21:26:04.418"
"922.75","2.4375","3008 33B2 DDD9 0140 0000 0060","4.92714629068868","-46.0","2021-03-27 21:26:04.435"
"922.75","1.9375","E200 001D 1910 0121 1310 5A04","4.945554060143307","-73.0","2021-03-27 21:26:04.454"
"922.75","2.4375","3008 33B2 DDD9 0140 0000 0060","4.945554060143307","-46.5","2021-03-27 21:26:04.497"
"922.75","2.8125","E200 001D 1910 0121 1310 5A04","4.95168998329485","-73.0","2021-03-27 21:26:04.517"
"922.75","-2.4375","3008 33B2 DDD9 0140 0000 0060","4.9394181369917645","-46.5","2021-03-27 21:26:04.527"
"922.75","-0.4375","E200 001D 1910 0121 1310 5A04","5.123495831538041","-73.0","2021-03-27 21:26:04.545"
"922.75","9.75","3008 33B2 DDD9 0140 0000 0060","4.921010367537137","-46.5","2021-03-27 21:26:04.59"
"922.75","-2.5","E200 001D 1910 0121 1310 5A04","5.154175447295755","-72.5","2021-03-27 21:26:04.602"
"923.75","-2.4375","3008 33B2 DDD9 0140 0000 0060","4.632621979414636","-47.0","2021-03-27 21:26:04.63"
"923.75","-0.875","E200 001D 1910 0121 1310 5A04","4.601942363656923","-73.0","2021-03-27 21:26:04.653"
"923.75","-7.3125","3008 33B2 DDD9 0140 0000 0060","4.632621979414636","-46.5","2021-03-27 21:26:04.692"
"923.75","2.5625","E200 001D 1910 0121 1310 5A04","4.571262747899211","-73.5","2021-03-27 21:26:04.708"
"923.75","-9.75","3008 33B2 DDD9 0140 0000 0060","4.626486056263094","-46.5","2021-03-27 21:26:04.722"
"923.75","0.875","E200 001D 1910 0121 1310 5A04","4.503767593232243","-73.5","2021-03-27 21:26:04.735"
"923.75","12.1875","3008 33B2 DDD9 0140 0000 0060","4.595806440505381","-46.5","2021-03-27 21:26:04.782"
"923.75","-0.625","E200 001D 1910 0121 1310 5A04","4.626486056263094","-74.0","2021-03-27 21:26:04.794"
"921.75","7.3125","3008 33B2 DDD9 0140 0000 0060","5.246214294568893","-46.5","2021-03-27 21:26:04.829"
"921.75","-0.8125","E200 001D 1910 0121 1310 5A04","5.608233760509904","-72.5","2021-03-27 21:26:04.853"
"921.75","2.4375","3008 33B2 DDD9 0140 0000 0060","5.252350217720435","-46.5","2021-03-27 21:26:04.891"
"921.75","1.5625","E200 001D 1910 0121 1310 5A04","5.553010452146021","-72.5","2021-03-27 21:26:04.914"
"921.75","9.75","3008 33B2 DDD9 0140 0000 0060","5.246214294568893","-47.0","2021-03-27 21:26:04.92"
"921.75","0.125","E200 001D 1910 0121 1310 5A04","5.5714182216006485","-73.0","2021-03-27 21:26:04.94"
"921.75","7.3125","3008 33B2 DDD9 0140 0000 0060","5.2339424482658075","-46.5","2021-03-27 21:26:04.984"
"921.75","0.5","E200 001D 1910 0121 1310 5A04","5.516194913236766","-72.5","2021-03-27 21:26:05.007"
"917.75","14.625","3008 33B2 DDD9 0140 0000 0060","0.3129320807286708","-47.5","2021-03-27 21:26:05.037"
"917.75","7.3125","3008 33B2 DDD9 0140 0000 0060","0.32520392703175593","-47.5","2021-03-27 21:26:05.088"
"917.75","2.4375","3008 33B2 DDD9 0140 0000 0060","0.3374757733348411","-47.5","2021-03-27 21:26:05.109"
"917.75","9.75","3008 33B2 DDD9 0140 0000 0060","0.3190680038802134","-47.5","2021-03-27 21:26:05.16"
"917.75","4.875","3008 33B2 DDD9 0140 0000 0060","0.32520392703175593","-47.5","2021-03-27 21:26:05.179"
"920.25","4.875","3008 33B2 DDD9 0140 0000 0060","5.755495916146925","-47.0","2021-03-27 21:26:05.231"
"920.25","17.0625","3008 33B2 DDD9 0140 0000 0060","5.730952223540755","-47.0","2021-03-27 21:26:05.251"
"920.25","-1.75","E200 001D 1910 0121 1310 5A04","0.25770877236478773","-73.0","2021-03-27 21:26:05.265"
"920.25","4.875","3008 33B2 DDD9 0140 0000 0060","5.773903685601553","-47.0","2021-03-27 21:26:05.311"
"920.25","0.25","E200 001D 1910 0121 1310 5A04","0.1718058482431918","-73.0","2021-03-27 21:26:05.327"
"920.25","7.3125","3008 33B2 DDD9 0140 0000 0060","5.737088146692298","-47.0","2021-03-27 21:26:05.341"
"920.25","0.0","E200 001D 1910 0121 1310 5A04","0.23316507975861744","-73.0","2021-03-27 21:26:05.356"
"920.25","-2.4375","3008 33B2 DDD9 0140 0000 0060","5.773903685601553","-47.0","2021-03-27 21:26:05.402"
"920.25","0.5","E200 001D 1910 0121 1310 5A04","0.2454369260617026","-72.5","2021-03-27 21:26:05.417"
"918.25","12.1875","3008 33B2 DDD9 0140 0000 0060","0.1718058482431918","-48.0","2021-03-27 21:26:05.453"
"918.25","-4.875","3008 33B2 DDD9 0140 0000 0060","0.1902136176978195","-47.5","2021-03-27 21:26:05.504"
"918.25","17.0625","3008 33B2 DDD9 0140 0000 0060","0.14112623248547898","-48.0","2021-03-27 21:26:05.526"
"918.25","7.3125","3008 33B2 DDD9 0140 0000 0060","0.16566992509164924","-47.5","2021-03-27 21:26:05.578"
"918.25","21.9375","3008 33B2 DDD9 0140 0000 0060","0.1349903093339364","-47.5","2021-03-27 21:26:05.597"
"908.25","36.5625","3008 33B2 DDD9 0140 0000 0060","3.3747577333484107","-50.5","2021-03-27 21:26:05.647"
"908.25","4.875","3008 33B2 DDD9 0140 0000 0060","3.466796580621549","-50.5","2021-03-27 21:26:05.668"
"908.25","21.9375","3008 33B2 DDD9 0140 0000 0060","3.399301425954581","-50.5","2021-03-27 21:26:05.722"
"908.25","24.375","3008 33B2 DDD9 0140 0000 0060","3.411573272257666","-50.5","2021-03-27 21:26:05.743"
"908.25","19.5","3008 33B2 DDD9 0140 0000 0060","3.429981041712294","-50.5","2021-03-27 21:26:05.795"
"908.25","12.1875","3008 33B2 DDD9 0140 0000 0060","3.436116964863836","-50.5","2021-03-27 21:26:05.818"
"914.75","21.9375","3008 33B2 DDD9 0140 0000 0060","1.3069516312785663","-48.5","2021-03-27 21:26:05.894"
"914.75","12.1875","3008 33B2 DDD9 0140 0000 0060","1.325359400733194","-48.5","2021-03-27 21:26:05.915"
"914.75","7.3125","3008 33B2 DDD9 0140 0000 0060","1.325359400733194","-48.5","2021-03-27 21:26:05.969"
"914.75","17.0625","3008 33B2 DDD9 0140 0000 0060","1.325359400733194","-48.5","2021-03-27 21:26:05.99"
"924.75","0.0","3008 33B2 DDD9 0140 0000 0060","4.276738436625168","-46.5","2021-03-27 21:26:06.05"
"924.75","9.75","3008 33B2 DDD9 0140 0000 0060","4.270602513473625","-46.0","2021-03-27 21:26:06.068"
"924.75","2.4375","3008 33B2 DDD9 0140 0000 0060","4.28287435977671","-46.5","2021-03-27 21:26:06.12"
"924.75","-7.3125","3008 33B2 DDD9 0140 0000 0060","4.295146206079795","-46.0","2021-03-27 21:26:06.141"
"924.75","9.75","3008 33B2 DDD9 0140 0000 0060","4.276738436625168","-46.0","2021-03-27 21:26:06.199"
"924.75","4.875","3008 33B2 DDD9 0140 0000 0060","4.276738436625168","-46.5","2021-03-27 21:26:06.221"
"913.75","31.6875","3008 33B2 DDD9 0140 0000 0060","1.6198837120072371","-49.0","2021-03-27 21:26:06.272"
"913.75","7.3125","3008 33B2 DDD9 0140 0000 0060","1.6566992509164924","-49.0","2021-03-27 21:26:06.294"
"913.75","0.0","3008 33B2 DDD9 0140 0000 0060","1.6566992509164924","-49.0","2021-03-27 21:26:06.347"
"913.75","12.1875","3008 33B2 DDD9 0140 0000 0060","1.6321555583103222","-49.0","2021-03-27 21:26:06.368"
"913.75","17.0625","3008 33B2 DDD9 0140 0000 0060","1.6382914814618648","-49.0","2021-03-27 21:26:06.422"
"913.75","14.625","3008 33B2 DDD9 0140 0000 0060","1.6505633277649499","-49.0","2021-03-27 21:26:06.445"
"925.25","14.625","3008 33B2 DDD9 0140 0000 0060","4.111068511533518","-46.5","2021-03-27 21:26:06.519"
"925.25","2.4375","3008 33B2 DDD9 0140 0000 0060","4.135612204139688","-46.5","2021-03-27 21:26:06.541"
"925.25","2.4375","3008 33B2 DDD9 0140 0000 0060","4.135612204139688","-46.5","2021-03-27 21:26:06.593"
"925.25","0.0","3008 33B2 DDD9 0140 0000 0060","4.129476280988146","-46.5","2021-03-27 21:26:06.612"
"915.25","17.0625","3008 33B2 DDD9 0140 0000 0060","1.1596894756415448","-48.5","2021-03-27 21:26:06.67"
"915.25","7.3125","3008 33B2 DDD9 0140 0000 0060","1.1658253987930873","-48.0","2021-03-27 21:26:06.692"
"915.25","17.0625","3008 33B2 DDD9 0140 0000 0060","1.1474176293384597","-48.0","2021-03-27 21:26:06.744"
"915.25","7.3125","3008 33B2 DDD9 0140 0000 0060","1.1658253987930873","-48.0","2021-03-27 21:26:06.765"
"915.25","4.875","3008 33B2 DDD9 0140 0000 0060","1.1596894756415448","-48.0","2021-03-27 21:26:06.818"
"915.25","4.875","3008 33B2 DDD9 0140 0000 0060","1.1658253987930873","-48.0","2021-03-27 21:26:06.839"
"911.75","9.75","3008 33B2 DDD9 0140 0000 0060","2.2886993355253766","-49.5","2021-03-27 21:26:06.891"
"911.75","14.625","3008 33B2 DDD9 0140 0000 0060","2.2580197197676637","-49.5","2021-03-27 21:26:06.914"
"911.75","0.0","3008 33B2 DDD9 0140 0000 0060","2.313243028131547","-49.5","2021-03-27 21:26:06.966"
"911.75","12.1875","3008 33B2 DDD9 0140 0000 0060","2.270291566070749","-49.5","2021-03-27 21:26:06.988"
"911.75","12.1875","3008 33B2 DDD9 0140 0000 0060","2.2764274892222915","-50.0","2021-03-27 21:26:07.04"
"911.75","14.625","3008 33B2 DDD9 0140 0000 0060","2.2580197197676637","-49.5","2021-03-27 21:26:07.064"
"918.75","0.0","3008 33B2 DDD9 0140 0000 0060","6.270913460876501","-48.0","2021-03-27 21:26:07.136"
"918.75","9.75","3008 33B2 DDD9 0140 0000 0060","6.264777537724958","-48.0","2021-03-27 21:26:07.157"
"918.75","17.0625","3008 33B2 DDD9 0140 0000 0060","6.252505691421874","-48.0","2021-03-27 21:26:07.208"
"918.75","4.875","3008 33B2 DDD9 0140 0000 0060","6.2463697682703305","-48.0","2021-03-27 21:26:07.226"
"912.75","12.1875","3008 33B2 DDD9 0140 0000 0060","1.9819031779482483","-49.0","2021-03-27 21:26:07.284"
"912.75","9.75","3008 33B2 DDD9 0140 0000 0060","1.9757672547967058","-49.0","2021-03-27 21:26:07.307"
"912.75","14.625","3008 33B2 DDD9 0140 0000 0060","1.9634954084936207","-49.0","2021-03-27 21:26:07.36"
"912.75","14.625","3008 33B2 DDD9 0140 0000 0060","1.9512235621905356","-49.0","2021-03-27 21:26:07.379"
"912.75","17.0625","3008 33B2 DDD9 0140 0000 0060","1.9573594853420782","-48.5","2021-03-27 21:26:07.432"
"912.75","9.75","3008 33B2 DDD9 0140 0000 0060","1.9573594853420782","-48.5","2021-03-27 21:26:07.455"
"917.25","26.8125","3008 33B2 DDD9 0140 0000 0060","0.46019423636569234","-47.5","2021-03-27 21:26:07.508"
"917.25","24.375","3008 33B2 DDD9 0140 0000 0060","0.4724660826687775","-47.5","2021-03-27 21:26:07.528"
"917.25","19.5","3008 33B2 DDD9 0140 0000 0060","0.48473792897186263","-48.0","2021-03-27 21:26:07.579"
"917.25","17.0625","3008 33B2 DDD9 0140 0000 0060","0.5031456984264903","-48.0","2021-03-27 21:26:07.6"
"917.25","7.3125","3008 33B2 DDD9 0140 0000 0060","0.5154175447295755","-48.0","2021-03-27 21:26:07.652"
"917.25","29.25","3008 33B2 DDD9 0140 0000 0060","0.48473792897186263","-48.0","2021-03-27 21:26:07.672"
"909.75","26.8125","3008 33B2 DDD9 0140 0000 0060","2.9084275738311756","-50.0","2021-03-27 21:26:07.726"
"909.75","19.5","3008 33B2 DDD9 0140 0000 0060","2.9022916506796332","-50.0","2021-03-27 21:26:07.748"
"909.75","14.625","3008 33B2 DDD9 0140 0000 0060","2.9145634969827183","-50.0","2021-03-27 21:26:07.798"
"909.75","2.4375","3008 33B2 DDD9 0140 0000 0060","2.9268353432858034","-50.0","2021-03-27 21:26:07.822"
"909.75","12.1875","3008 33B2 DDD9 0140 0000 0060","2.9145634969827183","-50.0","2021-03-27 21:26:07.876"
"909.75","17.0625","3008 33B2 DDD9 0140 0000 0060","2.9391071895888885","-50.0","2021-03-27 21:26:07.898"
"907.75","19.5","3008 33B2 DDD9 0140 0000 0060","3.5711072741977725","-50.5","2021-03-27 21:26:07.971"
"907.75","24.375","3008 33B2 DDD9 0140 0000 0060","3.6017868899554855","-50.5","2021-03-27 21:26:07.992"
"907.75","2.4375","3008 33B2 DDD9 0140 0000 0060","3.6263305825616556","-50.5","2021-03-27 21:26:08.045"
"907.75","17.0625","3008 33B2 DDD9 0140 0000 0060","3.5772431973493153","-50.5","2021-03-27 21:26:08.064"
"907.25","12.1875","3008 33B2 DDD9 0140 0000 0060","3.7429131224409646","-51.0","2021-03-27 21:26:08.122"
"907.25","24.375","3008 33B2 DDD9 0140 0000 0060","3.730641276137879","-51.0","2021-03-27 21:26:08.144"
"907.25","26.8125","3008 33B2 DDD9 0140 0000 0060","3.718369429834794","-51.0","2021-03-27 21:26:08.196"
"907.25","31.6875","3008 33B2 DDD9 0140 0000 0060","3.6999616603801666","-51.0","2021-03-27 21:26:08.217"
"907.25","9.75","3008 33B2 DDD9 0140 0000 0060","3.773592738198677","-51.0","2021-03-27 21:26:08.268"
"907.25","19.5","3008 33B2 DDD9 0140 0000 0060","3.7429131224409646","-51.0","2021-03-27 21:26:08.291"
"923.25","0.0","3008 33B2 DDD9 0140 0000 0060","4.773748211900116","-47.0","2021-03-27 21:26:08.344"
"923.25","19.5","3008 33B2 DDD9 0140 0000 0060","4.743068596142402","-46.5","2021-03-27 21:26:08.364"
"923.25","-2.875","E200 001D 1910 0121 1310 5A04","4.95168998329485","-73.5","2021-03-27 21:26:08.385"
"923.25","7.3125","3008 33B2 DDD9 0140 0000 0060","4.773748211900116","-46.5","2021-03-27 21:26:08.427"
"923.25","1.4375","E200 001D 1910 0121 1310 5A04","4.76147636559703","-73.0","2021-03-27 21:26:08.445"
"923.25","12.1875","3008 33B2 DDD9 0140 0000 0060","4.749204519293945","-46.5","2021-03-27 21:26:08.458"
"923.25","1.625","E200 001D 1910 0121 1310 5A04","4.706253057233147","-73.5","2021-03-27 21:26:08.473"
"923.25","2.4375","3008 33B2 DDD9 0140 0000 0060","4.773748211900116","-46.5","2021-03-27 21:26:08.518"
"923.25","1.5","E200 001D 1910 0121 1310 5A04","4.71238898038469","-73.5","2021-03-27 21:26:08.538"
"906.75","2.4375","3008 33B2 DDD9 0140 0000 0060","3.9453985864418692","-51.5","2021-03-27 21:26:08.566"
"906.75","9.75","3008 33B2 DDD9 0140 0000 0060","3.9269908169872414","-51.5","2021-03-27 21:26:08.618"
"906.75","19.5","3008 33B2 DDD9 0140 0000 0060","3.890175278077986","-51.5","2021-03-27 21:26:08.638"
"906.75","-7.3125","3008 33B2 DDD9 0140 0000 0060","3.9638063558964967","-51.5","2021-03-27 21:26:08.69"
"906.75","24.375","3008 33B2 DDD9 0140 0000 0060","3.9208548938356986","-51.5","2021-03-27 21:26:08.71"
"915.75","12.1875","3008 33B2 DDD9 0140 0000 0060","1.012427320004523","-48.0","2021-03-27 21:26:08.764"
"915.75","17.0625","3008 33B2 DDD9 0140 0000 0060","1.012427320004523","-48.0","2021-03-27 21:26:08.784"
"915.75","-2.4375","3008 33B2 DDD9 0140 0000 0060","1.043106935762236","-48.0","2021-03-27 21:26:08.834"
"915.75","14.625","3008 33B2 DDD9 0140 0000 0060","1.000155473701438","-48.0","2021-03-27 21:26:08.856"
"915.75","24.375","3008 33B2 DDD9 0140 0000 0060","0.9817477042468103","-48.0","2021-03-27 21:26:08.908"
"915.75","9.75","3008 33B2 DDD9 0140 0000 0060","1.0246991663076084","-48.0","2021-03-27 21:26:08.929"
"919.75","9.75","3008 33B2 DDD9 0140 0000 0060","5.902758071783947","-47.0","2021-03-27 21:26:08.982"
"919.75","-4.875","3008 33B2 DDD9 0140 0000 0060","5.93343768754166","-47.0","2021-03-27 21:26:09.002"
"919.75","-1.125","E200 001D 1910 0121 1310 5A04","0.5645049299419159","-73.0","2021-03-27 21:26:09.02"
"919.75","14.625","3008 33B2 DDD9 0140 0000 0060","5.902758071783947","-47.0","2021-03-27 21:26:09.065"
"919.75","-0.5","E200 001D 1910 0121 1310 5A04","0.5583690067903734","-73.0","2021-03-27 21:26:09.076"
"919.75","-12.1875","3008 33B2 DDD9 0140 0000 0060","5.945709533844745","-47.0","2021-03-27 21:26:09.095"
"919.75","-0.0625","E200 001D 1910 0121 1310 5A04","0.5460971604872883","-73.0","2021-03-27 21:26:09.113"
"919.75","14.625","3008 33B2 DDD9 0140 0000 0060","5.902758071783947","-47.0","2021-03-27 21:26:09.158"
"919.75","1.4375","E200 001D 1910 0121 1310 5A04","0.4724660826687775","-73.0","2021-03-27 21:26:09.178"
"913.25","12.1875","3008 33B2 DDD9 0140 0000 0060","1.8162332528565992","-49.0","2021-03-27 21:26:09.208"
"913.25","9.75","3008 33B2 DDD9 0140 0000 0060","1.8162332528565992","-48.5","2021-03-27 21:26:09.262"
"913.25","12.1875","3008 33B2 DDD9 0140 0000 0060","1.8100973297050567","-49.0","2021-03-27 21:26:09.283"
"913.25","12.1875","3008 33B2 DDD9 0140 0000 0060","1.8100973297050567","-48.5","2021-03-27 21:26:09.335"
"913.25","19.5","3008 33B2 DDD9 0140 0000 0060","1.7916895602504288","-49.0","2021-03-27 21:26:09.356"
"904.75","24.375","3008 33B2 DDD9 0140 0000 0060","4.491495746929157","-52.0","2021-03-27 21:26:09.41"
"904.75","-7.3125","3008 33B2 DDD9 0140 0000 0060","4.540583132141498","-52.0","2021-03-27 21:26:09.432"
"904.75","14.625","3008 33B2 DDD9 0140 0000 0060","4.522175362686871","-52.0","2021-03-27 21:26:09.484"
"904.75","7.3125","3008 33B2 DDD9 0140 0000 0060","4.546719055293041","-52.0","2021-03-27 21:26:09.507"
"904.75","14.625","3008 33B2 DDD9 0140 0000 0060","4.546719055293041","-52.0","2021-03-27 21:26:09.559"
"904.75","9.75","3008 33B2 DDD9 0140 0000 0060","4.534447208989955","-52.0","2021-03-27 21:26:09.584"
"924.25","-0.4375","E200 001D 1910 0121 1310 5A04","4.252194744018997","-74.0","2021-03-27 21:26:09.626"
"924.25","-9.75","3008 33B2 DDD9 0140 0000 0060","4.491495746929157","-46.5","2021-03-27 21:26:09.673"
"924.25","7.3125","3008 33B2 DDD9 0140 0000 0060","4.466952054322987","-46.5","2021-03-27 21:26:09.693"
"924.25","2.4375","3008 33B2 DDD9 0140 0000 0060","4.460816131171445","-46.5","2021-03-27 21:26:09.746"
"924.25","4.875","3008 33B2 DDD9 0140 0000 0060","4.4362724385652745","-46.5","2021-03-27 21:26:09.766"
"922.25","9.75","3008 33B2 DDD9 0140 0000 0060","5.080544369477243","-46.5","2021-03-27 21:26:09.818"
"922.25","-0.5","E200 001D 1910 0121 1310 5A04","5.381204603902829","-73.0","2021-03-27 21:26:09.833"
"922.25","9.75","3008 33B2 DDD9 0140 0000 0060","5.080544369477243","-46.5","2021-03-27 21:26:09.849"
"922.25","-0.9375","E200 001D 1910 0121 1310 5A04","5.325981295538946","-73.0","2021-03-27 21:26:09.868"
"922.25","4.875","3008 33B2 DDD9 0140 0000 0060","5.086680292628786","-46.0","2021-03-27 21:26:09.911"
"922.25","-0.625","E200 001D 1910 0121 1310 5A04","5.2768939103266055","-72.5","2021-03-27 21:26:09.922"
"922.25","4.875","3008 33B2 DDD9 0140 0000 0060","5.092816215780329","-46.5","2021-03-27 21:26:09.94"
"922.25","-1.9375","E200 001D 1910 0121 1310 5A04","5.387340527054372","-73.0","2021-03-27 21:26:09.962"
"922.25","4.875","3008 33B2 DDD9 0140 0000 0060","5.086680292628786","-46.5","2021-03-27 21:26:10.005"
"910.25","0.0","3008 33B2 DDD9 0140 0000 0060","2.779573187648782","-50.0","2021-03-27 21:26:10.041"
"910.25","26.8125","3008 33B2 DDD9 0140 0000 0060","2.730485802436441","-50.0","2021-03-27 21:26:10.092"
"910.25","-7.3125","3008 33B2 DDD9 0140 0000 0060","2.773437264497239","-50.0","2021-03-27 21:26:10.115"
"910.25","19.5","3008 33B2 DDD9 0140 0000 0060","2.724349879284899","-50.0","2021-03-27 21:26:10.168"
"910.25","9.75","3008 33B2 DDD9 0140 0000 0060","2.773437264497239","-50.0","2021-03-27 21:26:10.19"
"920.75","2.4375","3008 33B2 DDD9 0140 0000 0060","5.583690067903734","-47.0","2021-03-27 21:26:10.243"
"920.75","0.625","E200 001D 1910 0121 1310 5A04","6.209554229361076","-73.0","2021-03-27 21:26:10.255"
"920.75","-4.875","3008 33B2 DDD9 0140 0000 0060","5.589825991055276","-47.0","2021-03-27 21:26:10.271"
"920.75","0.0625","E200 001D 1910 0121 1310 5A04","6.215690152512618","-73.0","2021-03-27 21:26:10.286"
"920.75","0.0","3008 33B2 DDD9 0140 0000 0060","5.595961914206819","-47.0","2021-03-27 21:26:10.333"
"920.75","1.4375","E200 001D 1910 0121 1310 5A04","6.160466844148735","-73.0","2021-03-27 21:26:10.351"
"920.75","0.0","3008 33B2 DDD9 0140 0000 0060","5.595961914206819","-47.0","2021-03-27 21:26:10.363"
"920.75","-1.125","E200 001D 1910 0121 1310 5A04","6.17273869045182","-72.5","2021-03-27 21:26:10.382"
"920.75","2.4375","3008 33B2 DDD9 0140 0000 0060","5.589825991055276","-47.0","2021-03-27 21:26:10.426"
"925.75","-7.3125","3008 33B2 DDD9 0140 0000 0060","3.9576704327449543","-46.5","2021-03-27 21:26:10.465"
"925.75","12.1875","3008 33B2 DDD9 0140 0000 0060","3.933126740138784","-46.5","2021-03-27 21:26:10.517"
"925.75","2.4375","3008 33B2 DDD9 0140 0000 0060","3.9638063558964967","-46.5","2021-03-27 21:26:10.537"
"925.75","2.4375","3008 33B2 DDD9 0140 0000 0060","3.9576704327449543","-46.5","2021-03-27 21:26:10.59"
"925.75","-9.75","3008 33B2 DDD9 0140 0000 0060","3.9822141253511245","-46.5","2021-03-27 21:26:10.608"
"906.25","14.625","3008 33B2 DDD9 0140 0000 0060","4.0558452031696355","-51.5","2021-03-27 21:26:10.66"
"906.25","21.9375","3008 33B2 DDD9 0140 0000 0060","4.0558452031696355","-51.5","2021-03-27 21:26:10.683"
"906.25","12.1875","3008 33B2 DDD9 0140 0000 0060","4.0558452031696355","-51.5","2021-03-27 21:26:10.734"
"906.25","17.0625","3008 33B2 DDD9 0140 0000 0060","4.06811704947272","-51.5","2021-03-27 21:26:10.756"
"906.25","19.5","3008 33B2 DDD9 0140 0000 0060","4.074252972624263","-51.5","2021-03-27 21:26:10.808"
"906.25","17.0625","3008 33B2 DDD9 0140 0000 0060","4.0558452031696355","-51.5","2021-03-27 21:26:10.83"
"919.25","-2.4375","3008 33B2 DDD9 0140 0000 0060","6.086835766330224","-47.5","2021-03-27 21:26:10.883"
"919.25","-1.25","E200 001D 1910 0121 1310 5A04","0.9142525495798421","-73.0","2021-03-27 21:26:10.903"
"919.25","24.375","3008 33B2 DDD9 0140 0000 0060","6.074563920027139","-47.5","2021-03-27 21:26:10.914"
"919.25","-1.5","E200 001D 1910 0121 1310 5A04","0.8958447801252144","-73.5","2021-03-27 21:26:10.927"
"919.25","-2.4375","3008 33B2 DDD9 0140 0000 0060","6.135923151542564","-47.5","2021-03-27 21:26:10.975"
"919.25","-1.875","E200 001D 1910 0121 1310 5A04","0.9326603190344698","-73.5","2021-03-27 21:26:10.989"
"919.25","4.875","3008 33B2 DDD9 0140 0000 0060","6.0991076126333095","-47.5","2021-03-27 21:26:11.005"
"919.25","0.125","E200 001D 1910 0121 1310 5A04","0.8651651643675016","-73.0","2021-03-27 21:26:11.015"
"919.25","9.75","3008 33B2 DDD9 0140 0000 0060","6.074563920027139","-47.5","2021-03-27 21:26:11.064"
"914.25","-4.875","3008 33B2 DDD9 0140 0000 0060","1.509437095279471","-49.0","2021-03-27 21:26:11.1"
"914.25","24.375","3008 33B2 DDD9 0140 0000 0060","1.4664856332186729","-49.0","2021-03-27 21:26:11.151"
"914.25","7.3125","3008 33B2 DDD9 0140 0000 0060","1.4726215563702154","-49.0","2021-03-27 21:26:11.175"
"914.25","21.9375","3008 33B2 DDD9 0140 0000 0060","1.4787574795217582","-49.0","2021-03-27 21:26:11.226"
"914.25","21.9375","3008 33B2 DDD9 0140 0000 0060","1.4542137869155878","-49.0","2021-03-27 21:26:11.249"
"905.25","17.0625","3008 33B2 DDD9 0140 0000 0060","4.362641360746763","-52.0","2021-03-27 21:26:11.309"
"905.25","21.9375","3008 33B2 DDD9 0140 0000 0060","4.374913207049849","-51.5","2021-03-27 21:26:11.329"
"905.25","0.0","3008 33B2 DDD9 0140 0000 0060","4.417864669110647","-51.5","2021-03-27 21:26:11.384"
"905.25","41.5","3008 33B2 DDD9 0140 0000 0060","4.356505437595221","-51.5","2021-03-27 21:26:11.406"
"905.25","26.8125","3008 33B2 DDD9 0140 0000 0060","4.344233591292136","-51.5","2021-03-27 21:26:11.46"
"916.75","9.75","3008 33B2 DDD9 0140 0000 0060","0.6810874698212247","-48.0","2021-03-27 21:26:11.498"
"916.75","-9.75","3008 33B2 DDD9 0140 0000 0060","0.6933593161243098","-48.0","2021-03-27 21:26:11.551"
"916.75","17.0625","3008 33B2 DDD9 0140 0000 0060","0.6442719309119693","-48.0","2021-03-27 21:26:11.572"
"916.75","-4.875","3008 33B2 DDD9 0140 0000 0060","0.6933593161243098","-48.0","2021-03-27 21:26:11.624"
"916.75","-12.1875","3008 33B2 DDD9 0140 0000 0060","0.705631162427395","-48.0","2021-03-27 21:26:11.644"
"927.25","12.1875","3008 33B2 DDD9 0140 0000 0060","3.423845118560751","-46.0","2021-03-27 21:26:11.696"
"927.25","21.9375","3008 33B2 DDD9 0140 0000 0060","3.4177091954092087","-46.0","2021-03-27 21:26:11.716"
"927.25","7.3125","3008 33B2 DDD9 0140 0000 0060","3.4177091954092087","-46.0","2021-03-27 21:26:11.768"
"927.25","17.0625","3008 33B2 DDD9 0140 0000 0060","3.4177091954092087","-46.0","2021-03-27 21:26:11.789"
"927.25","9.75","3008 33B2 DDD9 0140 0000 0060","3.429981041712294","-46.0","2021-03-27 21:26:11.843"
"927.25","7.3125","3008 33B2 DDD9 0140 0000 0060","3.423845118560751","-46.0","2021-03-27 21:26:11.864"
"908.75","17.0625","3008 33B2 DDD9 0140 0000 0060","3.2704470397721868","-50.5","2021-03-27 21:26:11.913"
"908.75","7.3125","3008 33B2 DDD9 0140 0000 0060","3.2765829629237295","-50.5","2021-03-27 21:26:11.936"
"908.75","24.375","3008 33B2 DDD9 0140 0000 0060","3.227495577711389","-50.5","2021-03-27 21:26:11.987"
"908.75","0.0","3008 33B2 DDD9 0140 0000 0060","3.2765829629237295","-50.5","2021-03-27 21:26:12.008"
"908.75","12.1875","3008 33B2 DDD9 0140 0000 0060","3.2643111166206444","-50.5","2021-03-27 21:26:12.062"
"908.75","24.375","3008 33B2 DDD9 0140 0000 0060","3.2520392703175593","-50.5","2021-03-27 21:26:12.082"
"911.25","19.5","3008 33B2 DDD9 0140 0000 0060","2.411417798556228","-49.5","2021-03-27 21:26:12.135"
"911.25","12.1875","3008 33B2 DDD9 0140 0000 0060","2.429825568010856","-49.5","2021-03-27 21:26:12.157"
"911.25","9.75","3008 33B2 DDD9 0140 0000 0060","2.454369260617026","-50.0","2021-03-27 21:26:12.209"
"911.25","2.4375","3008 33B2 DDD9 0140 0000 0060","2.454369260617026","-49.5","2021-03-27 21:26:12.232"
"911.25","9.75","3008 33B2 DDD9 0140 0000 0060","2.442097414313941","-49.5","2021-03-27 21:26:12.286"
"911.25","4.875","3008 33B2 DDD9 0140 0000 0060","2.448233337465483","-49.5","2021-03-27 21:26:12.307"
"902.75","14.625","3008 33B2 DDD9 0140 0000 0060","5.037592907416445","-53.0","2021-03-27 21:26:12.367"
"902.75","2.4375","3008 33B2 DDD9 0140 0000 0060","5.0682725231741586","-53.0","2021-03-27 21:26:12.39"
"902.75","41.5","3008 33B2 DDD9 0140 0000 0060","4.988505522204105","-52.5","2021-03-27 21:26:12.443"
"902.75","14.625","3008 33B2 DDD9 0140 0000 0060","5.049864753719531","-52.5","2021-03-27 21:26:12.466"
"902.75","14.625","3008 33B2 DDD9 0140 0000 0060","5.062136600022616","-52.5","2021-03-27 21:26:12.518"
"903.75","4.875","3008 33B2 DDD9 0140 0000 0060","4.798291904506286","-52.5","2021-03-27 21:26:12.553"
"903.75","12.1875","3008 33B2 DDD9 0140 0000 0060","4.792155981354743","-52.5","2021-03-27 21:26:12.608"
"903.75","29.25","3008 33B2 DDD9 0140 0000 0060","4.779884135051658","-52.5","2021-03-27 21:26:12.63"
"903.75","12.1875","3008 33B2 DDD9 0140 0000 0060","4.792155981354743","-52.5","2021-03-27 21:26:12.684"
"903.75","12.1875","3008 33B2 DDD9 0140 0000 0060","4.798291904506286","-52.5","2021-03-27 21:26:12.706"
"926.75","2.4375","3008 33B2 DDD9 0140 0000 0060","3.6263305825616556","-46.0","2021-03-27 21:26:12.76"
"926.75","9.75","3008 33B2 DDD9 0140 0000 0060","3.6140587362585705","-46.0","2021-03-27 21:26:12.781"
"926.75","4.875","3008 33B2 DDD9 0140 0000 0060","3.6017868899554855","-46.0","2021-03-27 21:26:12.832"
"926.75","12.1875","3008 33B2 DDD9 0140 0000 0060","3.5895150436524004","-46.0","2021-03-27 21:26:12.852"
"926.75","19.5","3008 33B2 DDD9 0140 0000 0060","3.5711072741977725","-46.0","2021-03-27 21:26:12.905"
"926.75","9.75","3008 33B2 DDD9 0140 0000 0060","3.5895150436524004","-46.0","2021-03-27 21:26:12.925"
"904.25","12.1875","3008 33B2 DDD9 0140 0000 0060","4.669437518323892","-52.5","2021-03-27 21:26:12.978"
"904.25","12.1875","3008 33B2 DDD9 0140 0000 0060","4.700117134081604","-53.0","2021-03-27 21:26:12.999"
"904.25","24.375","3008 33B2 DDD9 0140 0000 0060","4.681709364626977","-52.5","2021-03-27 21:26:13.051"
"904.25","7.3125","3008 33B2 DDD9 0140 0000 0060","4.675573441475434","-52.5","2021-03-27 21:26:13.074"
"904.25","-2.4375","3008 33B2 DDD9 0140 0000 0060","4.6878452877785195","-52.5","2021-03-27 21:26:13.127"
"904.25","26.8125","3008 33B2 DDD9 0140 0000 0060","4.638757902566179","-52.5","2021-03-27 21:26:13.15"
"916.25","9.75","3008 33B2 DDD9 0140 0000 0060","0.8467573949128739","-48.5","2021-03-27 21:26:13.208"
"916.25","-4.875","3008 33B2 DDD9 0140 0000 0060","0.859029241215959","-48.5","2021-03-27 21:26:13.229"
"916.25","9.75","3008 33B2 DDD9 0140 0000 0060","0.8467573949128739","-48.5","2021-03-27 21:26:13.281"
"916.25","4.875","3008 33B2 DDD9 0140 0000 0060","0.8528933180644165","-48.5","2021-03-27 21:26:13.3"
"916.25","4.875","3008 33B2 DDD9 0140 0000 0060","0.8467573949128739","-48.5","2021-03-27 21:26:13.353"
"905.75","7.3125","3008 33B2 DDD9 0140 0000 0060","4.221515128261284","-51.5","2021-03-27 21:26:13.38"
"905.75","19.5","3008 33B2 DDD9 0140 0000 0060","4.2092432819582","-51.5","2021-03-27 21:26:13.432"
"905.75","24.375","3008 33B2 DDD9 0140 0000 0060","4.196971435655114","-51.5","2021-03-27 21:26:13.455"
"905.75","-4.875","3008 33B2 DDD9 0140 0000 0060","4.264466590322082","-51.5","2021-03-27 21:26:13.507"
"905.75","19.5","3008 33B2 DDD9 0140 0000 0060","4.2031073588066565","-51.5","2021-03-27 21:26:13.53"
"910.75","4.875","3008 33B2 DDD9 0140 0000 0060","2.5954954931025047","-49.5","2021-03-27 21:26:13.583"
"910.75","21.9375","3008 33B2 DDD9 0140 0000 0060","2.5770877236478773","-49.5","2021-03-27 21:26:13.605"
"910.75","4.875","3008 33B2 DDD9 0140 0000 0060","2.6139032625571326","-49.5","2021-03-27 21:26:13.658"
"910.75","7.3125","3008 33B2 DDD9 0140 0000 0060","2.5832236467994196","-49.5","2021-03-27 21:26:13.68"
"910.75","24.375","3008 33B2 DDD9 0140 0000 0060","2.564815877344792","-49.5","2021-03-27 21:26:13.732"
"910.75","31.6875","3008 33B2 DDD9 0140 0000 0060","2.5464081078901644","-49.5","2021-03-27 21:26:13.755"
"921.25","-4.875","3008 33B2 DDD9 0140 0000 0060","5.436427912266712","-47.0","2021-03-27 21:26:13.806"
"921.25","-4.0625","E200 001D 1910 0121 1310 5A04","6.092971689481767","-72.5","2021-03-27 21:26:13.821"
"921.25","-2.4375","3008 33B2 DDD9 0140 0000 0060","5.43029198911517","-47.0","2021-03-27 21:26:13.836"
"921.25","-0.625","E200 001D 1910 0121 1310 5A04","5.8659425328746915","-73.5","2021-03-27 21:26:13.851"
"921.25","-7.3125","3008 33B2 DDD9 0140 0000 0060","5.411884219660542","-47.0","2021-03-27 21:26:13.896"
"921.25","-0.4375","E200 001D 1910 0121 1310 5A04","5.853670686571607","-72.5","2021-03-27 21:26:13.913"
"921.25","0.0","3008 33B2 DDD9 0140 0000 0060","5.43029198911517","-47.0","2021-03-27 21:26:13.927"
"921.25","1.875","E200 001D 1910 0121 1310 5A04","5.853670686571607","-73.0","2021-03-27 21:26:13.946"
"921.25","0.0","3008 33B2 DDD9 0140 0000 0060","5.43029198911517","-47.0","2021-03-27 21:26:13.989"
"921.25","2.4375","E200 001D 1910 0121 1310 5A04","5.675728915176872","-73.0","2021-03-27 21:26:14.004"
"909.25","9.75","3008 33B2 DDD9 0140 0000 0060","3.0802334220743677","-50.5","2021-03-27 21:26:14.033"
"909.25","12.1875","3008 33B2 DDD9 0140 0000 0060","3.11091303783208","-50.5","2021-03-27 21:26:14.086"
"909.25","2.4375","3008 33B2 DDD9 0140 0000 0060","3.098641191528995","-50.5","2021-03-27 21:26:14.106"
"909.25","17.0625","3008 33B2 DDD9 0140 0000 0060","3.11091303783208","-50.5","2021-03-27 21:26:14.159"
"909.25","9.75","3008 33B2 DDD9 0140 0000 0060","3.11091303783208","-50.5","2021-03-27 21:26:14.183"
"912.25","21.9375","3008 33B2 DDD9 0140 0000 0060","2.110757564130642","-49.0","2021-03-27 21:26:14.235"
"912.25","19.5","3008 33B2 DDD9 0140 0000 0060","2.110757564130642","-49.0","2021-03-27 21:26:14.255"
"912.25","17.0625","3008 33B2 DDD9 0140 0000 0060","2.116893487282185","-49.0","2021-03-27 21:26:14.308"
"912.25","9.75","3008 33B2 DDD9 0140 0000 0060","2.141437179888355","-49.0","2021-03-27 21:26:14.332"
"912.25","19.5","3008 33B2 DDD9 0140 0000 0060","2.110757564130642","-49.0","2021-03-27 21:26:14.385"
"912.25","9.75","3008 33B2 DDD9 0140 0000 0060","2.12916533358527","-49.5","2021-03-27 21:26:14.407"
"903.25","9.75","3008 33B2 DDD9 0140 0000 0060","4.921010367537137","-52.5","2021-03-27 21:26:14.46"
"903.25","4.875","3008 33B2 DDD9 0140 0000 0060","4.9394181369917645","-52.5","2021-03-27 21:26:14.483"
"903.25","12.1875","3008 33B2 DDD9 0140 0000 0060","4.92714629068868","-52.5","2021-03-27 21:26:14.535"
"903.25","9.75","3008 33B2 DDD9 0140 0000 0060","4.908738521234052","-52.5","2021-03-27 21:26:14.558"
"903.25","9.75","3008 33B2 DDD9 0140 0000 0060","4.92714629068868","-52.5","2021-03-27 21:26:14.611"
"903.25","7.3125","3008 33B2 DDD9 0140 0000 0060","4.921010367537137","-52.5","2021-03-27 21:26:14.634"
"926.25","17.0625","3008 33B2 DDD9 0140 0000 0060","3.7551849687440497","-46.5","2021-03-27 21:26:14.707"
"926.25","9.75","3008 33B2 DDD9 0140 0000 0060","3.7429131224409646","-46.5","2021-03-27 21:26:14.729"
"926.25","7.3125","3008 33B2 DDD9 0140 0000 0060","3.761320891895592","-46.5","2021-03-27 21:26:14.781"
"926.25","17.0625","3008 33B2 DDD9 0140 0000 0060","3.7429131224409646","-46.0","2021-03-27 21:26:14.801"
"922.75","0.0","3008 33B2 DDD9 0140 0000 0060","4.914874444385594","-46.5","2021-03-27 21:26:14.859"
"922.75","4.875","3008 33B2 DDD9 0140 0000 0060","4.914874444385594","-46.5","2021-03-27 21:26:14.878"
"922.75","1.4375","E200 001D 1910 0121 1310 5A04","4.957825906446392","-72.5","2021-03-27 21:26:14.896"
"922.75","2.4375","3008 33B2 DDD9 0140 0000 0060","4.933282213840222","-46.5","2021-03-27 21:26:14.939"
"922.75","0.8125","E200 001D 1910 0121 1310 5A04","4.921010367537137","-72.5","2021-03-27 21:26:14.96"
"922.75","9.75","3008 33B2 DDD9 0140 0000 0060","4.908738521234052","-46.5","2021-03-27 21:26:14.971"
"922.75","0.875","E200 001D 1910 0121 1310 5A04","4.988505522204105","-72.5","2021-03-27 21:26:14.993"
"922.75","4.875","3008 33B2 DDD9 0140 0000 0060","4.921010367537137","-46.5","2021-03-27 21:26:15.031"
"922.75","0.0","E200 001D 1910 0121 1310 5A04","5.031456984264903","-72.5","2021-03-27 21:26:15.049"
"923.75","2.4375","3008 33B2 DDD9 0140 0000 0060","4.632621979414636","-46.5","2021-03-27 21:26:15.082"
"923.75","12.1875","3008 33B2 DDD9 0140 0000 0060","4.583534594202296","-46.5","2021-03-27 21:26:15.133"
"923.75","-2.4375","3008 33B2 DDD9 0140 0000 0060","4.620350133111551","-46.5","2021-03-27 21:26:15.153"
"923.75","1.625","E200 001D 1910 0121 1310 5A04","4.460816131171445","-72.5","2021-03-27 21:26:15.165"
"923.75","-9.75","3008 33B2 DDD9 0140 0000 0060","4.638757902566179","-47.0","2021-03-27 21:26:15.214"
"923.75","2.6875","E200 001D 1910 0121 1310 5A04","4.399456899656019","-73.0","2021-03-27 21:26:15.224"
"923.75","-2.4375","3008 33B2 DDD9 0140 0000 0060","4.638757902566179","-46.5","2021-03-27 21:26:15.242"
"921.75","-0.5","E200 001D 1910 0121 1310 5A04","5.473243451175968","-72.0","2021-03-27 21:26:15.28"
"921.75","21.9375","3008 33B2 DDD9 0140 0000 0060","5.246214294568893","-46.5","2021-03-27 21:26:15.327"
"921.75","0.8125","E200 001D 1910 0121 1310 5A04","5.47937937432751","-72.5","2021-03-27 21:26:15.343"
"921.75","12.1875","3008 33B2 DDD9 0140 0000 0060","5.252350217720435","-46.5","2021-03-27 21:26:15.357"
"921.75","-0.5","E200 001D 1910 0121 1310 5A04","5.47937937432751","-72.0","2021-03-27 21:26:15.378"
"921.75","14.625","3008 33B2 DDD9 0140 0000 0060","5.246214294568893","-46.5","2021-03-27 21:26:15.418"
"921.75","2.125","E200 001D 1910 0121 1310 5A04","5.45483568172134","-72.0","2021-03-27 21:26:15.436"
"921.75","7.3125","3008 33B2 DDD9 0140 0000 0060","5.2339424482658075","-46.5","2021-03-27 21:26:15.449"
"917.75","7.3125","3008 33B2 DDD9 0140 0000 0060","0.3190680038802134","-47.5","2021-03-27 21:26:15.514"
