CHANNEL,PHASE,EPC,RSSI
910.75,4.525243324,3039 6062 C3AD 3FC0 001F 4997,-57.5
910.75,5.421088104,E200 0017 9408 0236 1560 799A,-57
910.75,0.650407854,E280 1160 6000 0209 5014 4A91,-75
910.75,1.398990479,3039 6062 C3AD 3FC0 001F 4997,-57.5
910.75,5.473243451,E200 0017 9408 0236 1560 799A,-57
910.75,0.601320469,E280 1160 6000 0209 5014 4A91,-75.5
910.75,5.497787144,E200 0017 9408 0236 1560 799A,-57
910.75,1.454213787,3039 6062 C3AD 3FC0 001F 4997,-57
910.75,0.852893318,E280 1160 6000 0209 5014 4A91,-75.5
910.75,1.411262325,3039 6062 C3AD 3FC0 001F 4997,-57
910.75,5.485515297,E200 0017 9408 0236 1560 799A,-56.5
910.75,0.859029241,E280 1160 6000 0209 5014 4A91,-75.5
912.75,4.841243367,E200 0017 9408 0236 1560 799A,-57
912.75,0.570640853,3039 6062 C3AD 3FC0 001F 4997,-58
912.75,4.822835597,E200 0017 9408 0236 1560 799A,-57
912.75,0.521553468,3039 6062 C3AD 3FC0 001F 4997,-57.5
912.75,4.822835597,E200 0017 9408 0236 1560 799A,-57
912.75,0.56450493,3039 6062 C3AD 3FC0 001F 4997,-58
912.75,6.264777538,E280 1160 6000 0209 5014 4A91,-76
912.75,0.601320469,3039 6062 C3AD 3FC0 001F 4997,-58.5
912.75,4.841243367,E200 0017 9408 0236 1560 799A,-57.5
912.75,6.062292074,E280 1160 6000 0209 5014 4A91,-76
912.75,4.878058905,E200 0017 9408 0236 1560 799A,-57
912.75,0.582912699,3039 6062 C3AD 3FC0 001F 4997,-58
912.75,5.939573611,E280 1160 6000 0209 5014 4A91,-76
923.25,2.4911848,3039 6062 C3AD 3FC0 001F 4997,-61.5
923.25,2.098485718,E200 0017 9408 0236 1560 799A,-55.5
923.25,2.534136262,3039 6062 C3AD 3FC0 001F 4997,-61.5
923.25,2.104621641,E200 0017 9408 0236 1560 799A,-56
923.25,2.14143718,E200 0017 9408 0236 1560 799A,-56
923.25,2.58935957,3039 6062 C3AD 3FC0 001F 4997,-61.5
923.25,2.466641107,3039 6062 C3AD 3FC0 001F 4997,-61.5
923.25,2.104621641,E200 0017 9408 0236 1560 799A,-56.5
923.25,2.423689645,3039 6062 C3AD 3FC0 001F 4997,-62
923.25,2.159844949,E200 0017 9408 0236 1560 799A,-56
910.25,1.264000169,E280 1160 6000 0209 5014 4A91,-76
910.25,5.589825991,E200 0017 9408 0236 1560 799A,-56.5
910.25,1.570796327,3039 6062 C3AD 3FC0 001F 4997,-57
910.25,5.595961914,E200 0017 9408 0236 1560 799A,-56.5
910.25,1.613747789,3039 6062 C3AD 3FC0 001F 4997,-57.5
910.25,1.644427405,3039 6062 C3AD 3FC0 001F 4997,-57.5
910.25,5.663457069,E200 0017 9408 0236 1560 799A,-56.5
910.25,1.159689476,E280 1160 6000 0209 5014 4A91,-76
910.25,5.651185223,E200 0017 9408 0236 1560 799A,-56.5
910.25,1.601475943,3039 6062 C3AD 3FC0 001F 4997,-57
904.75,4.111068512,3039 6062 C3AD 3FC0 001F 4997,-56.5
904.75,1.36217494,E200 0017 9408 0236 1560 799A,-55
904.75,1.380582709,E200 0017 9408 0236 1560 799A,-55.5
904.75,4.04970928,3039 6062 C3AD 3FC0 001F 4997,-57
904.75,4.068117049,3039 6062 C3AD 3FC0 001F 4997,-56.5
904.75,1.374446786,E200 0017 9408 0236 1560 799A,-55.5
904.75,4.061981126,3039 6062 C3AD 3FC0 001F 4997,-56.5
904.75,1.349903093,E200 0017 9408 0236 1560 799A,-55.5
904.75,1.337631247,E200 0017 9408 0236 1560 799A,-55.5
904.75,4.080388896,3039 6062 C3AD 3FC0 001F 4997,-57
904.75,4.104932588,3039 6062 C3AD 3FC0 001F 4997,-57
904.75,1.374446786,E200 0017 9408 0236 1560 799A,-55
911.75,0.128854386,E280 1160 6000 0209 5014 4A91,-76
911.75,0.994019551,3039 6062 C3AD 3FC0 001F 4997,-58
911.75,5.166447294,E200 0017 9408 0236 1560 799A,-56.5
911.75,5.16031137,E200 0017 9408 0236 1560 799A,-56.5
911.75,0.963339935,3039 6062 C3AD 3FC0 001F 4997,-57.5
911.75,1.000155474,3039 6062 C3AD 3FC0 001F 4997,-57.5
911.75,5.123495832,E200 0017 9408 0236 1560 799A,-56.5
911.75,0.23316508,E280 1160 6000 0209 5014 4A91,-76
911.75,1.006291397,3039 6062 C3AD 3FC0 001F 4997,-57.5
911.75,5.129631755,E200 0017 9408 0236 1560 799A,-56.5
911.75,0.239301003,E280 1160 6000 0209 5014 4A91,-75.5
905.75,3.620194659,3039 6062 C3AD 3FC0 001F 4997,-56.5
905.75,1.01242732,E200 0017 9408 0236 1560 799A,-55
905.75,1.024699166,E200 0017 9408 0236 1560 799A,-55
905.75,3.60178689,3039 6062 C3AD 3FC0 001F 4997,-56.5
905.75,3.669282045,3039 6062 C3AD 3FC0 001F 4997,-56.5
905.75,0.987883627,E200 0017 9408 0236 1560 799A,-55
905.75,0.619728238,E280 1160 6000 0209 5014 4A91,-75
905.75,3.571107274,3039 6062 C3AD 3FC0 001F 4997,-56
905.75,1.000155474,E200 0017 9408 0236 1560 799A,-55.5
905.75,3.663146121,E280 1160 6000 0209 5014 4A91,-75
912.25,4.96396183,E200 0017 9408 0236 1560 799A,-57
912.25,0.748582624,3039 6062 C3AD 3FC0 001F 4997,-57.5
912.25,6.099107613,E280 1160 6000 0209 5014 4A91,-76
912.25,0.773126317,3039 6062 C3AD 3FC0 001F 4997,-58
912.25,4.914874444,E200 0017 9408 0236 1560 799A,-57
912.25,6.086835766,E280 1160 6000 0209 5014 4A91,-75.5
912.25,4.865787059,E200 0017 9408 0236 1560 799A,-56.5
912.25,0.748582624,3039 6062 C3AD 3FC0 001F 4997,-58
912.25,6.178874614,E280 1160 6000 0209 5014 4A91,-76
912.25,0.77926224,3039 6062 C3AD 3FC0 001F 4997,-57.5
912.25,4.871922982,E200 0017 9408 0236 1560 799A,-57
912.25,4.890330752,E200 0017 9408 0236 1560 799A,-56.5
912.25,0.717903009,3039 6062 C3AD 3FC0 001F 4997,-58
921.75,2.37460226,E200 0017 9408 0236 1560 799A,-57.5
921.75,3.344078118,3039 6062 C3AD 3FC0 001F 4997,-61.5
921.75,3.460660657,3039 6062 C3AD 3FC0 001F 4997,-61.5
921.75,2.325514874,E200 0017 9408 0236 1560 799A,-57
921.75,2.405281875,E200 0017 9408 0236 1560 799A,-57.5
921.75,3.48520435,3039 6062 C3AD 3FC0 001F 4997,-61
921.75,2.368466336,E200 0017 9408 0236 1560 799A,-57
906.75,3.258175193,3039 6062 C3AD 3FC0 001F 4997,-58.5
906.75,0.509281622,E200 0017 9408 0236 1560 799A,-55.5
906.75,3.313398502,3039 6062 C3AD 3FC0 001F 4997,-58
906.75,6.129787228,E280 1160 6000 0209 5014 4A91,-75
906.75,3.38702958,3039 6062 C3AD 3FC0 001F 4997,-59.5
906.75,0.503145698,E200 0017 9408 0236 1560 799A,-55
906.75,6.166602767,E280 1160 6000 0209 5014 4A91,-75
906.75,3.48520435,3039 6062 C3AD 3FC0 001F 4997,-59
906.75,0.497009775,E200 0017 9408 0236 1560 799A,-55.5
906.75,0.515417545,E200 0017 9408 0236 1560 799A,-55
906.75,2.049398333,3035 15B8 9802 DE90 4000 11E7,-63.5
906.75,3.546563582,3039 6062 C3AD 3FC0 001F 4997,-59
917.25,6.062292074,3039 6062 C3AD 3FC0 001F 4997,-62.5
917.25,3.362485887,E200 0017 9408 0236 1560 799A,-59
917.25,3.515883966,3035 15B8 9802 DE90 4000 11E7,-63
917.25,3.331806271,E280 1160 6000 0209 5014 4A91,-75.5
917.25,6.092971689,3039 6062 C3AD 3FC0 001F 4997,-63
917.25,3.245903347,3035 15B8 9802 DE90 4000 11E7,-62
917.25,3.25203927,E200 0017 9408 0236 1560 799A,-59
917.25,0.404970928,E280 1160 6000 0209 5014 4A91,-75.5
917.25,3.25203927,E200 0017 9408 0236 1560 799A,-59.5
917.25,3.380893656,3035 15B8 9802 DE90 4000 11E7,-62
917.25,6.227961999,3039 6062 C3AD 3FC0 001F 4997,-63
917.25,0.724038932,E280 1160 6000 0209 5014 4A91,-75.5
917.25,3.675417968,3035 15B8 9802 DE90 4000 11E7,-63
917.25,3.13545673,E200 0017 9408 0236 1560 799A,-59
917.25,0.607456392,E280 1160 6000 0209 5014 4A91,-75
926.25,1.153553552,E200 0017 9408 0236 1560 799A,-54.5
926.25,0.049087385,3035 15B8 9802 DE90 4000 11E7,-67.5
926.25,1.159689476,E200 0017 9408 0236 1560 799A,-54.5
926.25,1.116738014,E200 0017 9408 0236 1560 799A,-54.5
926.25,0.337475773,3035 15B8 9802 DE90 4000 11E7,-64
926.25,1.190369091,E200 0017 9408 0236 1560 799A,-54.5
926.25,0.423378697,3035 15B8 9802 DE90 4000 11E7,-63
926.25,1.184233168,E200 0017 9408 0236 1560 799A,-54.5
924.25,1.000155474,3035 15B8 9802 DE90 4000 11E7,-61
924.25,1.853048792,E200 0017 9408 0236 1560 799A,-55.5
924.25,3.779728661,3039 6062 C3AD 3FC0 001F 4997,-66.5
924.25,0.920388473,3035 15B8 9802 DE90 4000 11E7,-61
924.25,1.834641022,E200 0017 9408 0236 1560 799A,-55.5
924.25,3.810408277,3039 6062 C3AD 3FC0 001F 4997,-65.5
924.25,3.871767509,3039 6062 C3AD 3FC0 001F 4997,-64
924.25,1.767145868,E200 0017 9408 0236 1560 799A,-56
924.25,0.859029241,3035 15B8 9802 DE90 4000 11E7,-60.5
924.25,0.760854471,3035 15B8 9802 DE90 4000 11E7,-61
924.25,1.724194406,E200 0017 9408 0236 1560 799A,-56.5
924.25,3.828816047,3039 6062 C3AD 3FC0 001F 4997,-62.5
908.25,2.399145952,E280 1160 6000 0209 5014 4A91,-75
908.25,3.657010198,3039 6062 C3AD 3FC0 001F 4997,-58.5
908.25,1.202640938,3035 15B8 9802 DE90 4000 11E7,-59
908.25,6.221826076,E200 0017 9408 0236 1560 799A,-56.5
908.25,2.153709026,E280 1160 6000 0209 5014 4A91,-75
908.25,1.282407939,3035 15B8 9802 DE90 4000 11E7,-58.5
908.25,6.234097922,E200 0017 9408 0236 1560 799A,-57
908.25,3.663146121,3039 6062 C3AD 3FC0 001F 4997,-58
908.25,5.246214295,E280 1160 6000 0209 5014 4A91,-75
908.25,1.214912784,3035 15B8 9802 DE90 4000 11E7,-58
908.25,3.755184969,3039 6062 C3AD 3FC0 001F 4997,-58
908.25,0.061359232,E200 0017 9408 0236 1560 799A,-57
908.25,5.442563835,E280 1160 6000 0209 5014 4A91,-74.5
908.25,0.006135923,E200 0017 9408 0236 1560 799A,-57
908.25,3.871767509,3039 6062 C3AD 3FC0 001F 4997,-58.5
908.25,1.184233168,3035 15B8 9802 DE90 4000 11E7,-58
903.25,5.503923067,E280 1160 6000 0209 5014 4A91,-74.5
903.25,5.878214379,3039 6062 C3AD 3FC0 001F 4997,-57.5
903.25,3.350214041,3035 15B8 9802 DE90 4000 11E7,-59.5
903.25,1.803961407,E200 0017 9408 0236 1560 799A,-56
903.25,5.847534763,3039 6062 C3AD 3FC0 001F 4997,-58.5
903.25,3.282718886,3035 15B8 9802 DE90 4000 11E7,-59
903.25,1.834641022,E200 0017 9408 0236 1560 799A,-56
903.25,1.846912869,E200 0017 9408 0236 1560 799A,-55.5
903.25,3.282718886,3035 15B8 9802 DE90 4000 11E7,-59.5
903.25,5.951845457,3039 6062 C3AD 3FC0 001F 4997,-58
903.25,5.669592992,E280 1160 6000 0209 5014 4A91,-75.5
903.25,5.945709534,3039 6062 C3AD 3FC0 001F 4997,-59
903.25,3.301126656,3035 15B8 9802 DE90 4000 11E7,-59
903.25,1.797825483,E200 0017 9408 0236 1560 799A,-55.5
903.25,5.602097837,E280 1160 6000 0209 5014 4A91,-75
925.75,0.110446617,3035 15B8 9802 DE90 4000 11E7,-60.5
925.75,3.675417968,3039 6062 C3AD 3FC0 001F 4997,-62
925.75,1.472621556,E200 0017 9408 0236 1560 799A,-54.5
925.75,3.798136431,3039 6062 C3AD 3FC0 001F 4997,-63
925.75,1.472621556,E200 0017 9408 0236 1560 799A,-55
925.75,0.042951462,3035 15B8 9802 DE90 4000 11E7,-59.5
925.75,3.730641276,3039 6062 C3AD 3FC0 001F 4997,-63.5
925.75,0.067495155,3035 15B8 9802 DE90 4000 11E7,-60
925.75,1.398990479,E200 0017 9408 0236 1560 799A,-55
925.75,3.657010198,3039 6062 C3AD 3FC0 001F 4997,-63
925.75,1.36217494,E200 0017 9408 0236 1560 799A,-55
925.75,0.104310694,3035 15B8 9802 DE90 4000 11E7,-60
921.25,5.200194871,3039 6062 C3AD 3FC0 001F 4997,-62
921.25,1.975767255,3035 15B8 9802 DE90 4000 11E7,-59
921.25,2.515728492,E200 0017 9408 0236 1560 799A,-58.5
921.25,5.620505607,E200 0017 9408 0236 1560 799A,-58.5
921.25,2.049398333,3039 6062 C3AD 3FC0 001F 4997,-61.5
921.25,5.037592907,3035 15B8 9802 DE90 4000 11E7,-59
921.25,5.571418222,E200 0017 9408 0236 1560 799A,-58.5
921.25,2.193592527,3039 6062 C3AD 3FC0 001F 4997,-63
921.25,5.163379332,3035 15B8 9802 DE90 4000 11E7,-60
921.25,5.549942491,E200 0017 9408 0236 1560 799A,-58.5
921.25,2.089281833,3039 6062 C3AD 3FC0 001F 4997,-63
921.25,5.16031137,3035 15B8 9802 DE90 4000 11E7,-60
909.75,5.651185223,E200 0017 9408 0236 1560 799A,-55.5
909.75,0.711767086,3035 15B8 9802 DE90 4000 11E7,-59
909.75,0.104310694,3039 6062 C3AD 3FC0 001F 4997,-62
909.75,1.239456477,E280 1160 6000 0209 5014 4A91,-75
909.75,3.184544116,3039 6062 C3AD 3FC0 001F 4997,-61.5
909.75,5.589825991,E200 0017 9408 0236 1560 799A,-56.5
909.75,0.644271931,3035 15B8 9802 DE90 4000 11E7,-59
909.75,5.638913376,E200 0017 9408 0236 1560 799A,-56
909.75,3.1538645,3039 6062 C3AD 3FC0 001F 4997,-61
909.75,0.6626797,3035 15B8 9802 DE90 4000 11E7,-59.5
909.75,1.276272016,E280 1160 6000 0209 5014 4A91,-75
909.75,3.13545673,3039 6062 C3AD 3FC0 001F 4997,-61.5
909.75,5.645049299,E200 0017 9408 0236 1560 799A,-56
909.75,0.687223393,3035 15B8 9802 DE90 4000 11E7,-59
909.75,1.306951631,E280 1160 6000 0209 5014 4A91,-75.5
907.25,4.209243282,3039 6062 C3AD 3FC0 001F 4997,-60.5
907.25,0.245436926,E200 0017 9408 0236 1560 799A,-55.5
907.25,1.681242944,3035 15B8 9802 DE90 4000 11E7,-59.5
907.25,6.043884304,E280 1160 6000 0209 5014 4A91,-75.5
907.25,0.067495155,E200 0017 9408 0236 1560 799A,-55
907.25,1.736466252,3035 15B8 9802 DE90 4000 11E7,-59.5
907.25,4.209243282,3039 6062 C3AD 3FC0 001F 4997,-60.5
907.25,5.835262917,E280 1160 6000 0209 5014 4A91,-75
907.25,1.711922559,3035 15B8 9802 DE90 4000 11E7,-60
907.25,0.337475773,E200 0017 9408 0236 1560 799A,-55.5
907.25,4.411728746,3039 6062 C3AD 3FC0 001F 4997,-61
907.25,5.602097837,E280 1160 6000 0209 5014 4A91,-75
907.25,0.239301003,E200 0017 9408 0236 1560 799A,-56
907.25,1.656699251,3035 15B8 9802 DE90 4000 11E7,-60
907.25,4.362641361,3039 6062 C3AD 3FC0 001F 4997,-61
907.25,5.872078456,E280 1160 6000 0209 5014 4A91,-74.5
919.25,5.967185265,3039 6062 C3AD 3FC0 001F 4997,-63.5
919.25,5.574486183,E200 0017 9408 0236 1560 799A,-58
919.25,6.068427997,3035 15B8 9802 DE90 4000 11E7,-62.5
919.25,6.037748381,3035 15B8 9802 DE90 4000 11E7,-62.5
919.25,5.884350302,3039 6062 C3AD 3FC0 001F 4997,-63.5
919.25,2.47277703,E200 0017 9408 0236 1560 799A,-58
919.25,5.703340569,3039 6062 C3AD 3FC0 001F 4997,-64
919.25,5.832194956,3035 15B8 9802 DE90 4000 11E7,-63.5
919.25,2.442097414,E200 0017 9408 0236 1560 799A,-59
919.25,2.656854725,3035 15B8 9802 DE90 4000 11E7,-63.5
919.25,2.417553722,E200 0017 9408 0236 1560 799A,-59
919.25,5.623573568,3039 6062 C3AD 3FC0 001F 4997,-64
919.25,2.405281875,E200 0017 9408 0236 1560 799A,-58.5
919.25,5.442563835,3039 6062 C3AD 3FC0 001F 4997,-64.5
919.25,5.84139884,3035 15B8 9802 DE90 4000 11E7,-62.5
918.75,2.558679954,E200 0017 9408 0236 1560 799A,-58
918.75,2.828660573,3035 15B8 9802 DE90 4000 11E7,-62
918.75,5.522330836,3039 6062 C3AD 3FC0 001F 4997,-64.5
918.75,2.613903263,E200 0017 9408 0236 1560 799A,-58
918.75,2.890019804,3035 15B8 9802 DE90 4000 11E7,-61.5
918.75,5.356660911,3039 6062 C3AD 3FC0 001F 4997,-65.5
918.75,2.932971266,3035 15B8 9802 DE90 4000 11E7,-62.5
918.75,2.503456646,E200 0017 9408 0236 1560 799A,-58
918.75,5.29530168,3039 6062 C3AD 3FC0 001F 4997,-65.5
918.75,2.577087724,E200 0017 9408 0236 1560 799A,-58
918.75,3.025010114,3035 15B8 9802 DE90 4000 11E7,-62
918.75,5.240078371,3039 6062 C3AD 3FC0 001F 4997,-66
902.75,5.129631755,3039 6062 C3AD 3FC0 001F 4997,-60
902.75,3.264311117,3035 15B8 9802 DE90 4000 11E7,-65
902.75,1.742602175,E200 0017 9408 0236 1560 799A,-55
902.75,5.043728831,3039 6062 C3AD 3FC0 001F 4997,-59.5
902.75,3.307262579,3035 15B8 9802 DE90 4000 11E7,-64.5
902.75,1.730330329,E200 0017 9408 0236 1560 799A,-54.5
902.75,1.754874021,E200 0017 9408 0236 1560 799A,-54.5
902.75,3.074097499,3035 15B8 9802 DE90 4000 11E7,-65
902.75,5.080544369,3039 6062 C3AD 3FC0 001F 4997,-59.5
902.75,1.779417714,E200 0017 9408 0236 1560 799A,-54
902.75,4.957825906,3039 6062 C3AD 3FC0 001F 4997,-59.5
902.75,2.736621726,E280 1160 6000 0209 5014 4A91,-75.5
902.75,0.177941771,3035 15B8 9802 DE90 4000 11E7,-65.5
920.75,2.350058567,E200 0017 9408 0236 1560 799A,-56
920.75,2.12302941,E200 0017 9408 0236 1560 799A,-55
920.75,2.423689645,E200 0017 9408 0236 1560 799A,-56.5
914.75,3.847223816,E200 0017 9408 0236 1560 799A,-58
914.75,3.847223816,E200 0017 9408 0236 1560 799A,-57.5
914.75,3.884039355,E200 0017 9408 0236 1560 799A,-57.5
914.75,3.810408277,E200 0017 9408 0236 1560 799A,-57.5
914.75,3.706097584,E200 0017 9408 0236 1560 799A,-58
914.75,3.761320892,E200 0017 9408 0236 1560 799A,-58
914.75,4.755340442,E280 1160 6000 0209 5014 4A91,-75.5
919.75,6.111379459,3035 15B8 9802 DE90 4000 11E7,-69.5
919.75,0.576776776,C200 10D3 2002 29A4 BCC3 0004,-67
919.75,6.114447421,3035 15B8 9802 DE90 4000 11E7,-68.5
919.75,5.605165799,E200 0017 9408 0236 1560 799A,-60.5
919.75,0.524621429,C200 10D3 2002 29A4 BCC3 0004,-66.5
919.75,5.592893953,E200 0017 9408 0236 1560 799A,-60.5
919.75,5.982525073,3035 15B8 9802 DE90 4000 11E7,-68
919.75,6.209554229,3039 6062 C3AD 3FC0 001F 4997,-66.5
913.75,4.086524819,E200 0017 9408 0236 1560 799A,-57.5
913.75,4.988505522,3035 15B8 9802 DE90 4000 11E7,-66
913.75,4.154019974,E200 0017 9408 0236 1560 799A,-57
913.75,4.080388896,E200 0017 9408 0236 1560 799A,-57.5
913.75,1.920543946,3039 6062 C3AD 3FC0 001F 4997,-65
913.75,4.080388896,E200 0017 9408 0236 1560 799A,-58
913.75,1.969631332,3039 6062 C3AD 3FC0 001F 4997,-64.5
913.75,4.092660742,E200 0017 9408 0236 1560 799A,-57.5
904.25,4.810563751,E280 1160 6000 0209 5014 4A91,-75
904.25,1.282407939,E200 0017 9408 0236 1560 799A,-55.5
904.25,4.792155981,E280 1160 6000 0209 5014 4A91,-75
904.25,1.270136092,E200 0017 9408 0236 1560 799A,-55
904.25,4.644893826,E280 1160 6000 0209 5014 4A91,-74.5
904.25,1.239456477,E200 0017 9408 0236 1560 799A,-55.5
904.25,4.700117134,E280 1160 6000 0209 5014 4A91,-75
904.25,1.270136092,E200 0017 9408 0236 1560 799A,-55.5
906.25,0.171805848,E280 1160 6000 0209 5014 4A91,-75
906.25,0.515417545,E200 0017 9408 0236 1560 799A,-55.5
906.25,0.196349541,E280 1160 6000 0209 5014 4A91,-75
906.25,0.527689391,E200 0017 9408 0236 1560 799A,-55.5
906.25,0.552233084,E200 0017 9408 0236 1560 799A,-56
906.25,0.552233084,E200 0017 9408 0236 1560 799A,-55.5
906.25,0.21475731,E280 1160 6000 0209 5014 4A91,-75.5
907.75,0,E200 0017 9408 0236 1560 799A,-56
907.75,6.234097922,E200 0017 9408 0236 1560 799A,-56.5
907.75,6.19114646,E200 0017 9408 0236 1560 799A,-56.5
907.75,5.460971605,E280 1160 6000 0209 5014 4A91,-75.5
907.75,6.197282383,E200 0017 9408 0236 1560 799A,-55.5
907.75,5.645049299,E280 1160 6000 0209 5014 4A91,-75.5
907.75,6.221826076,E200 0017 9408 0236 1560 799A,-56
915.75,3.319534425,E200 0017 9408 0236 1560 799A,-58
915.75,5.589825991,C200 10D3 2002 29A4 BCC3 0004,-64.5
915.75,3.36862181,E200 0017 9408 0236 1560 799A,-58
915.75,5.595961914,C200 10D3 2002 29A4 BCC3 0004,-64.5
915.75,3.429981042,E200 0017 9408 0236 1560 799A,-57.5
915.75,5.589825991,C200 10D3 2002 29A4 BCC3 0004,-64.5
915.75,1.294679785,3039 6062 C3AD 3FC0 001F 4997,-65
915.75,3.448388811,E200 0017 9408 0236 1560 799A,-57.5
914.25,0.079767001,C200 10D3 2002 29A4 BCC3 0004,-65
914.25,3.957670433,E200 0017 9408 0236 1560 799A,-57.5
914.25,0.067495155,C200 10D3 2002 29A4 BCC3 0004,-65
914.25,3.920854894,E200 0017 9408 0236 1560 799A,-57
914.25,0.085902924,C200 10D3 2002 29A4 BCC3 0004,-65
914.25,3.95153451,E200 0017 9408 0236 1560 799A,-57.5
914.25,6.277049384,C200 10D3 2002 29A4 BCC3 0004,-65
914.25,4.006757818,E200 0017 9408 0236 1560 799A,-57
916.75,1.877592484,C200 10D3 2002 29A4 BCC3 0004,-65
916.75,3.209087808,E200 0017 9408 0236 1560 799A,-58
916.75,5.019185138,C200 10D3 2002 29A4 BCC3 0004,-65
916.75,3.209087808,E200 0017 9408 0236 1560 799A,-58.5
916.75,3.202951885,E200 0017 9408 0236 1560 799A,-58
916.75,3.294990732,E200 0017 9408 0236 1560 799A,-58
916.75,5.056000677,C200 10D3 2002 29A4 BCC3 0004,-65
915.25,3.767456815,E200 0017 9408 0236 1560 799A,-57.5
915.25,5.749359993,C200 10D3 2002 29A4 BCC3 0004,-65.5
915.25,3.792000508,E200 0017 9408 0236 1560 799A,-57.5
915.25,5.761631839,C200 10D3 2002 29A4 BCC3 0004,-65.5
915.25,3.761320892,E200 0017 9408 0236 1560 799A,-57.5
915.25,5.737088147,C200 10D3 2002 29A4 BCC3 0004,-65.5
915.25,3.69996166,E200 0017 9408 0236 1560 799A,-57.5
917.75,3.049553806,E200 0017 9408 0236 1560 799A,-58
917.75,3.000466421,E200 0017 9408 0236 1560 799A,-58
917.75,3.025010114,E200 0017 9408 0236 1560 799A,-58.5
917.75,2.994330498,E200 0017 9408 0236 1560 799A,-58
917.75,1.055378782,3039 6062 C3AD 3FC0 001F 4997,-65
922.75,1.816233253,E200 0017 9408 0236 1560 799A,-57.5
922.75,5.497787144,3039 6062 C3AD 3FC0 001F 4997,-63.5
922.75,1.914408023,E200 0017 9408 0236 1560 799A,-57
922.75,5.614369684,3039 6062 C3AD 3FC0 001F 4997,-63.5
922.75,5.516194913,3039 6062 C3AD 3FC0 001F 4997,-64
922.75,1.803961407,E200 0017 9408 0236 1560 799A,-57.5
922.75,1.865320638,E200 0017 9408 0236 1560 799A,-57.5
922.75,5.325981296,3039 6062 C3AD 3FC0 001F 4997,-64
922.75,5.399612373,3039 6062 C3AD 3FC0 001F 4997,-64
922.75,1.834641022,E200 0017 9408 0236 1560 799A,-57.5
922.75,1.9082721,E200 0017 9408 0236 1560 799A,-57
922.75,5.473243451,3039 6062 C3AD 3FC0 001F 4997,-63
924.75,1.325359401,E200 0017 9408 0236 1560 799A,-56.5
924.75,4.540583132,3039 6062 C3AD 3FC0 001F 4997,-64
924.75,1.264000169,E200 0017 9408 0236 1560 799A,-56.5
924.75,4.565126825,3039 6062 C3AD 3FC0 001F 4997,-64.5
924.75,1.300815708,E200 0017 9408 0236 1560 799A,-56.5
924.75,4.430136515,3039 6062 C3AD 3FC0 001F 4997,-63.5
924.75,4.49763167,3039 6062 C3AD 3FC0 001F 4997,-63.5
924.75,1.423534171,E200 0017 9408 0236 1560 799A,-56.5
916.25,1.270136092,3039 6062 C3AD 3FC0 001F 4997,-62
916.25,3.411573272,E200 0017 9408 0236 1560 799A,-57.5
916.25,1.214912784,3039 6062 C3AD 3FC0 001F 4997,-61
916.25,3.380893656,E200 0017 9408 0236 1560 799A,-57.5
916.25,5.190990986,C200 10D3 2002 29A4 BCC3 0004,-65.5
916.25,1.276272016,3039 6062 C3AD 3FC0 001F 4997,-61.5
916.25,3.36862181,E200 0017 9408 0236 1560 799A,-57.5
916.25,5.203262833,C200 10D3 2002 29A4 BCC3 0004,-65
916.25,3.380893656,E200 0017 9408 0236 1560 799A,-57
916.25,1.22718463,3039 6062 C3AD 3FC0 001F 4997,-61.5
916.25,0.944932165,E280 1160 6000 0209 5014 4A91,-76
916.25,5.184855063,C200 10D3 2002 29A4 BCC3 0004,-65
918.25,2.853204265,E200 0017 9408 0236 1560 799A,-58
918.25,0.374291312,3039 6062 C3AD 3FC0 001F 4997,-62.5
918.25,2.847068342,E200 0017 9408 0236 1560 799A,-58
918.25,0.343611696,3039 6062 C3AD 3FC0 001F 4997,-62
918.25,0.386563159,3039 6062 C3AD 3FC0 001F 4997,-62.5
918.25,2.834796496,E200 0017 9408 0236 1560 799A,-58
918.25,2.908427574,E200 0017 9408 0236 1560 799A,-58
918.25,0.355883543,3039 6062 C3AD 3FC0 001F 4997,-62
918.25,0.33133985,3039 6062 C3AD 3FC0 001F 4997,-62.5
918.25,2.926835343,E200 0017 9408 0236 1560 799A,-58
918.25,2.877747958,E200 0017 9408 0236 1560 799A,-58
918.25,0.227029157,3039 6062 C3AD 3FC0 001F 4997,-62
913.25,2.196660488,3039 6062 C3AD 3FC0 001F 4997,-60.5
913.25,4.558990902,E200 0017 9408 0236 1560 799A,-56.5
913.25,2.116893487,3039 6062 C3AD 3FC0 001F 4997,-60.5
913.25,4.552854978,E200 0017 9408 0236 1560 799A,-56.5
913.25,4.466952054,E200 0017 9408 0236 1560 799A,-56.5
913.25,2.116893487,3039 6062 C3AD 3FC0 001F 4997,-61
913.25,2.092349795,3039 6062 C3AD 3FC0 001F 4997,-61
913.25,4.577398671,E200 0017 9408 0236 1560 799A,-56.5
909.25,5.816855148,E200 0017 9408 0236 1560 799A,-55.5
909.25,3.798136431,3039 6062 C3AD 3FC0 001F 4997,-60
909.25,1.441941941,E280 1160 6000 0209 5014 4A91,-76
909.25,3.571107274,3039 6062 C3AD 3FC0 001F 4997,-60
909.25,5.816855148,E200 0017 9408 0236 1560 799A,-55.5
909.25,1.441941941,E280 1160 6000 0209 5014 4A91,-75.5
909.25,5.773903686,E200 0017 9408 0236 1560 799A,-56
909.25,3.822680123,3039 6062 C3AD 3FC0 001F 4997,-60.5
909.25,1.454213787,E280 1160 6000 0209 5014 4A91,-76
909.25,5.798447378,E200 0017 9408 0236 1560 799A,-56
909.25,3.773592738,3039 6062 C3AD 3FC0 001F 4997,-59.5
909.25,1.306951631,E280 1160 6000 0209 5014 4A91,-76
923.75,4.644893826,3039 6062 C3AD 3FC0 001F 4997,-64
923.75,1.552388557,E200 0017 9408 0236 1560 799A,-56.5
923.75,4.657165672,3039 6062 C3AD 3FC0 001F 4997,-64.5
923.75,1.564660404,E200 0017 9408 0236 1560 799A,-57.5
923.75,1.57693225,E200 0017 9408 0236 1560 799A,-57
923.75,4.687845288,3039 6062 C3AD 3FC0 001F 4997,-64
923.75,4.626486056,3039 6062 C3AD 3FC0 001F 4997,-63.5
923.75,1.57693225,E200 0017 9408 0236 1560 799A,-57
923.75,1.595340019,E200 0017 9408 0236 1560 799A,-57.5
923.75,4.73079675,3039 6062 C3AD 3FC0 001F 4997,-64
923.75,1.540116711,E200 0017 9408 0236 1560 799A,-57
923.75,4.687845288,3039 6062 C3AD 3FC0 001F 4997,-65
905.25,1.024699166,E200 0017 9408 0236 1560 799A,-55.5
905.25,5.344389065,3039 6062 C3AD 3FC0 001F 4997,-61.5
905.25,4.14788405,E280 1160 6000 0209 5014 4A91,-75.5
905.25,0.987883627,E200 0017 9408 0236 1560 799A,-55
905.25,5.301437603,3039 6062 C3AD 3FC0 001F 4997,-62.5
905.25,0.840621472,E280 1160 6000 0209 5014 4A91,-75
905.25,0.938796242,E200 0017 9408 0236 1560 799A,-55.5
905.25,5.215534679,3039 6062 C3AD 3FC0 001F 4997,-63
905.25,3.982214125,E280 1160 6000 0209 5014 4A91,-75
926.75,0.668815624,E200 0017 9408 0236 1560 799A,-55.5
926.75,0.619728238,E200 0017 9408 0236 1560 799A,-56
926.75,0.68108747,E200 0017 9408 0236 1560 799A,-56.5
926.75,0.595184546,E200 0017 9408 0236 1560 799A,-56.5
926.75,0.687223393,E200 0017 9408 0236 1560 799A,-55.5
922.25,1.9082721,E200 0017 9408 0236 1560 799A,-58
922.25,1.945087639,E200 0017 9408 0236 1560 799A,-57.5
922.25,1.902136177,E200 0017 9408 0236 1560 799A,-57.5
922.25,1.914408023,E200 0017 9408 0236 1560 799A,-57.5
922.25,1.945087639,E200 0017 9408 0236 1560 799A,-57.5
925.25,1.178097245,E200 0017 9408 0236 1560 799A,-56.5
925.25,1.147417629,E200 0017 9408 0236 1560 799A,-56
925.25,1.141281706,E200 0017 9408 0236 1560 799A,-56
925.25,1.184233168,E200 0017 9408 0236 1560 799A,-56
925.25,1.135145783,E200 0017 9408 0236 1560 799A,-56
908.75,5.988660996,E200 0017 9408 0236 1560 799A,-55.5
908.75,6.234097922,E200 0017 9408 0139 1660 6D3D,-66
908.75,0.220893233,E200 0017 9408 0139 1660 6D3D,-64.5
908.75,5.97638915,E200 0017 9408 0236 1560 799A,-56
908.75,0.355883543,E200 0017 9408 0139 1660 6D3D,-63.5
908.75,5.915029918,E200 0017 9408 0236 1560 799A,-55.5
908.75,0.589048623,E200 0017 9408 0139 1660 6D3D,-64.5
908.75,3.976078202,3039 6062 C3AD 3FC0 001F 4997,-61
908.75,5.921165841,E200 0017 9408 0236 1560 799A,-56
908.75,1.853048792,E280 1160 6000 0209 5014 4A91,-75.5
908.75,1.159689476,E200 0017 9408 0139 1660 6D3D,-64.5
908.75,4.055845203,3039 6062 C3AD 3FC0 001F 4997,-61
908.75,5.970253226,E200 0017 9408 0236 1560 799A,-55.5
927.25,0.392699082,E200 0017 9408 0236 1560 799A,-55
927.25,3.399301426,3039 6062 C3AD 3FC0 001F 4997,-65
927.25,3.417709195,3039 6062 C3AD 3FC0 001F 4997,-65
927.25,0.380427235,E200 0017 9408 0236 1560 799A,-55
927.25,3.294990732,3039 6062 C3AD 3FC0 001F 4997,-63.5
927.25,0.417242774,E200 0017 9408 0236 1560 799A,-55
927.25,3.331806271,3039 6062 C3AD 3FC0 001F 4997,-64.5
927.25,0.460194236,E200 0017 9408 0236 1560 799A,-55
927.25,3.13545673,3039 6062 C3AD 3FC0 001F 4997,-65
927.25,0.423378697,E200 0017 9408 0236 1560 799A,-55
911.25,1.969631332,E200 0017 9408 0139 1660 6D3D,-65.5
911.25,5.123495832,E200 0017 9408 0236 1560 799A,-56
911.25,2.969786805,3039 6062 C3AD 3FC0 001F 4997,-60
911.25,3.080233422,3039 6062 C3AD 3FC0 001F 4997,-61
911.25,5.172583217,E200 0017 9408 0236 1560 799A,-56
911.25,5.135767678,E200 0017 9408 0236 1560 799A,-56
911.25,3.160000423,3039 6062 C3AD 3FC0 001F 4997,-60.5
911.25,3.080233422,3039 6062 C3AD 3FC0 001F 4997,-60.5
911.25,5.148039524,E200 0017 9408 0236 1560 799A,-56
903.75,5.822991071,3039 6062 C3AD 3FC0 001F 4997,-59.5
903.75,3.350214041,E200 0017 9408 0139 1660 6D3D,-61.5
903.75,1.540116711,E200 0017 9408 0236 1560 799A,-55.5
903.75,1.509437095,E200 0017 9408 0236 1560 799A,-55.5
903.75,5.792311455,3039 6062 C3AD 3FC0 001F 4997,-59.5
903.75,3.755184969,E200 0017 9408 0139 1660 6D3D,-62
903.75,2.135301257,3035 15B8 9802 DE90 4000 11E7,-64.5
903.75,1.902136177,3035 15B8 9802 DE90 4000 11E7,-64.5
903.75,1.540116711,E200 0017 9408 0236 1560 799A,-55.5
903.75,4.822835597,E200 0017 9408 0139 1660 6D3D,-63
903.75,5.780039609,3039 6062 C3AD 3FC0 001F 4997,-60
903.75,5.117359908,E280 1160 6000 0209 5014 4A91,-75
903.75,5.553010452,E200 0017 9408 0139 1660 6D3D,-64.5
903.75,1.533980788,E200 0017 9408 0236 1560 799A,-55.5
903.75,2.043262409,3035 15B8 9802 DE90 4000 11E7,-65.5
903.75,5.921165841,3039 6062 C3AD 3FC0 001F 4997,-60.5
903.75,1.619883712,E200 0017 9408 0236 1560 799A,-55.5
903.75,5.780039609,3039 6062 C3AD 3FC0 001F 4997,-59.5
903.75,1.398990479,E200 0017 9408 0139 1660 6D3D,-63
903.75,5.17871914,3035 15B8 9802 DE90 4000 11E7,-67
910.75,3.356349964,3039 6062 C3AD 3FC0 001F 4997,-59.5
910.75,5.41188422,E200 0017 9408 0236 1560 799A,-56
910.75,0.030679616,E200 0017 9408 0139 1660 6D3D,-60.5
910.75,0.944932165,E200 0017 9408 0139 1660 6D3D,-60.5
910.75,3.325670348,3039 6062 C3AD 3FC0 001F 4997,-59.5
910.75,5.424156066,E200 0017 9408 0236 1560 799A,-56.5
910.75,3.337942194,3039 6062 C3AD 3FC0 001F 4997,-60
910.75,5.442563835,E200 0017 9408 0236 1560 799A,-56
910.75,1.398990479,E200 0017 9408 0139 1660 6D3D,-62
910.75,0.638136008,E280 1160 6000 0209 5014 4A91,-75.5
910.75,3.055689729,E200 0017 9408 0139 1660 6D3D,-63.5
910.75,5.362796834,E200 0017 9408 0236 1560 799A,-56.5
910.75,3.123184884,3039 6062 C3AD 3FC0 001F 4997,-59.5
910.75,0.932660319,E280 1160 6000 0209 5014 4A91,-75
912.75,4.736932673,E200 0017 9408 0236 1560 799A,-56.5
912.75,2.172116796,3039 6062 C3AD 3FC0 001F 4997,-59.5
912.75,3.83495197,E200 0017 9408 0139 1660 6D3D,-63
912.75,4.675573441,E200 0017 9408 0236 1560 799A,-56.5
912.75,2.14143718,3039 6062 C3AD 3FC0 001F 4997,-59
912.75,4.884194829,E200 0017 9408 0139 1660 6D3D,-62.5
912.75,1.030835089,C200 10D3 2002 29A4 BCC3 0004,-66
912.75,2.067806102,3039 6062 C3AD 3FC0 001F 4997,-58
912.75,5.227806525,E200 0017 9408 0139 1660 6D3D,-61.5
912.75,4.706253057,E200 0017 9408 0236 1560 799A,-56.5
912.75,6.000932842,E280 1160 6000 0209 5014 4A91,-76
912.75,4.663301595,E200 0017 9408 0236 1560 799A,-56.5
912.75,2.043262409,3039 6062 C3AD 3FC0 001F 4997,-59
912.75,5.767767762,E200 0017 9408 0139 1660 6D3D,-60.5
912.75,5.84139884,E280 1160 6000 0209 5014 4A91,-76
923.25,2.386874106,E200 0017 9408 0139 1660 6D3D,-61.5
923.25,1.705786636,E200 0017 9408 0236 1560 799A,-57
923.25,4.601942364,3039 6062 C3AD 3FC0 001F 4997,-62.5
923.25,4.540583132,3039 6062 C3AD 3FC0 001F 4997,-63
923.25,2.82252465,E200 0017 9408 0139 1660 6D3D,-63
923.25,1.681242944,E200 0017 9408 0236 1560 799A,-56.5
923.25,2.865476112,E200 0017 9408 0139 1660 6D3D,-64
923.25,4.669437518,3039 6062 C3AD 3FC0 001F 4997,-63.5
923.25,1.742602175,E200 0017 9408 0236 1560 799A,-57
923.25,1.705786636,E200 0017 9408 0236 1560 799A,-57
923.25,4.632621979,3039 6062 C3AD 3FC0 001F 4997,-63
923.25,4.804427828,3039 6062 C3AD 3FC0 001F 4997,-62.5
923.25,1.736466252,E200 0017 9408 0236 1560 799A,-57
910.25,0.91425255,E200 0017 9408 0139 1660 6D3D,-64
910.25,3.411573272,3039 6062 C3AD 3FC0 001F 4997,-60
910.25,5.485515297,E200 0017 9408 0236 1560 799A,-56.5
910.25,0.754718548,E200 0017 9408 0139 1660 6D3D,-63.5
910.25,5.479379374,E200 0017 9408 0236 1560 799A,-56.5
910.25,3.411573272,3039 6062 C3AD 3FC0 001F 4997,-60
910.25,3.313398502,3039 6062 C3AD 3FC0 001F 4997,-59.5
910.25,0.77926224,E200 0017 9408 0139 1660 6D3D,-63.5
910.25,5.39347645,E200 0017 9408 0236 1560 799A,-56.5
910.25,3.282718886,3039 6062 C3AD 3FC0 001F 4997,-59
910.25,0.809941856,E200 0017 9408 0139 1660 6D3D,-63.5
910.25,5.485515297,E200 0017 9408 0236 1560 799A,-56.5
904.75,5.221670602,3039 6062 C3AD 3FC0 001F 4997,-58.5
904.75,2.810252803,E200 0017 9408 0139 1660 6D3D,-60
904.75,1.135145783,E200 0017 9408 0236 1560 799A,-55
904.75,2.877747958,E200 0017 9408 0139 1660 6D3D,-59.5
904.75,5.17871914,3039 6062 C3AD 3FC0 001F 4997,-58
904.75,1.098330244,E200 0017 9408 0236 1560 799A,-54.5
904.75,4.393320977,E280 1160 6000 0209 5014 4A91,-75
904.75,5.283029833,3039 6062 C3AD 3FC0 001F 4997,-58.5
904.75,1.116738014,E200 0017 9408 0236 1560 799A,-54.5
904.75,2.80411688,E200 0017 9408 0139 1660 6D3D,-58.5
904.75,1.159689476,E280 1160 6000 0209 5014 4A91,-75.5
904.75,5.307573526,3039 6062 C3AD 3FC0 001F 4997,-58
904.75,1.116738014,E200 0017 9408 0236 1560 799A,-55.5
904.75,2.896155728,E200 0017 9408 0139 1660 6D3D,-58
904.75,4.301282129,E280 1160 6000 0209 5014 4A91,-75
904.75,3.166136346,E200 0017 9408 0139 1660 6D3D,-56.5
911.75,4.865787059,E200 0017 9408 0236 1560 799A,-56.5
911.75,2.68753434,3039 6062 C3AD 3FC0 001F 4997,-59
911.75,4.859651136,E200 0017 9408 0236 1560 799A,-56.5
911.75,0.932660319,E200 0017 9408 0139 1660 6D3D,-57.5
911.75,2.699806187,3039 6062 C3AD 3FC0 001F 4997,-59.5
911.75,1.049242859,E200 0017 9408 0139 1660 6D3D,-57
911.75,4.878058905,E200 0017 9408 0236 1560 799A,-56
911.75,5.97638915,3039 6062 C3AD 3FC0 001F 4997,-60
911.75,2.797980957,3039 6062 C3AD 3FC0 001F 4997,-59
911.75,4.871922982,E200 0017 9408 0236 1560 799A,-56.5
911.75,1.018563243,E200 0017 9408 0139 1660 6D3D,-57.5
911.75,4.902602598,E200 0017 9408 0236 1560 799A,-56.5
911.75,1.239456477,E200 0017 9408 0139 1660 6D3D,-58
911.75,2.871612035,3039 6062 C3AD 3FC0 001F 4997,-60
911.75,1.34376717,E200 0017 9408 0139 1660 6D3D,-58
911.75,4.908738521,E200 0017 9408 0236 1560 799A,-56
905.75,5.148039524,3039 6062 C3AD 3FC0 001F 4997,-58.5
905.75,5.154175447,3039 6062 C3AD 3FC0 001F 4997,-60
905.75,0.754718548,E200 0017 9408 0236 1560 799A,-55.5
905.75,3.38702958,E200 0017 9408 0139 1660 6D3D,-59
905.75,0.478602006,E280 1160 6000 0209 5014 4A91,-74
905.75,5.148039524,3039 6062 C3AD 3FC0 001F 4997,-60
905.75,3.178408192,E200 0017 9408 0139 1660 6D3D,-60.5
905.75,0.773126317,E200 0017 9408 0236 1560 799A,-55.5
905.75,0.558369007,E280 1160 6000 0209 5014 4A91,-74.5
905.75,5.233942448,3039 6062 C3AD 3FC0 001F 4997,-61.5
905.75,0.773126317,E200 0017 9408 0236 1560 799A,-55
905.75,3.221359655,E200 0017 9408 0139 1660 6D3D,-64
905.75,3.902447124,E280 1160 6000 0209 5014 4A91,-74.5
905.75,2.908427574,E200 0017 9408 0139 1660 6D3D,-65
905.75,0.785398163,E200 0017 9408 0236 1560 799A,-55.5
912.25,2.797980957,3039 6062 C3AD 3FC0 001F 4997,-63
912.25,4.859651136,E200 0017 9408 0236 1560 799A,-55.5
912.25,2.797980957,3039 6062 C3AD 3FC0 001F 4997,-63.5
912.25,4.927146291,E200 0017 9408 0236 1560 799A,-55.5
912.25,2.632311032,3039 6062 C3AD 3FC0 001F 4997,-62.5
912.25,5.804583301,E280 1160 6000 0209 5014 4A91,-76
912.25,2.718213956,3039 6062 C3AD 3FC0 001F 4997,-61
912.25,4.988505522,E200 0017 9408 0236 1560 799A,-56.5
912.25,0.294524311,E200 0017 9408 0139 1660 6D3D,-63
912.25,4.921010368,E200 0017 9408 0236 1560 799A,-56.5
912.25,2.552544031,3039 6062 C3AD 3FC0 001F 4997,-61
912.25,0.803805933,E200 0017 9408 0139 1660 6D3D,-60.5
921.75,5.78310757,C200 10D3 2002 29A4 BCC3 0004,-66
921.75,1.932815793,E200 0017 9408 0236 1560 799A,-59
921.75,6.07456392,E200 0017 9408 0139 1660 6D3D,-56.5
921.75,5.7248163,3039 6062 C3AD 3FC0 001F 4997,-63
921.75,2.601631416,C200 10D3 2002 29A4 BCC3 0004,-66
921.75,5.933437688,3039 6062 C3AD 3FC0 001F 4997,-64.5
921.75,1.165825399,E200 0017 9408 0139 1660 6D3D,-58.5
921.75,1.81009733,E200 0017 9408 0236 1560 799A,-58
921.75,5.749359993,C200 10D3 2002 29A4 BCC3 0004,-65.5
921.75,3.522019889,E200 0017 9408 0139 1660 6D3D,-58
921.75,2.153709026,E200 0017 9408 0236 1560 799A,-56
906.75,4.608078287,3039 6062 C3AD 3FC0 001F 4997,-61
906.75,4.608078287,3039 6062 C3AD 3FC0 001F 4997,-61
906.75,3.454524734,E200 0017 9408 0139 1660 6D3D,-53
906.75,0.429514621,E200 0017 9408 0236 1560 799A,-55
906.75,4.436272439,3039 6062 C3AD 3FC0 001F 4997,-60
906.75,0.515417545,E200 0017 9408 0236 1560 799A,-55.5
906.75,3.098641192,E200 0017 9408 0139 1660 6D3D,-53.5
906.75,4.374913207,3039 6062 C3AD 3FC0 001F 4997,-60
906.75,0.478602006,E200 0017 9408 0236 1560 799A,-55.5
906.75,2.969786805,E200 0017 9408 0139 1660 6D3D,-53
906.75,2.951379036,E200 0017 9408 0139 1660 6D3D,-51
906.75,0.337475773,E200 0017 9408 0236 1560 799A,-55.5
906.75,4.350369514,3039 6062 C3AD 3FC0 001F 4997,-60
906.75,5.982525073,E280 1160 6000 0209 5014 4A91,-75
906.75,3.123184884,E200 0017 9408 0139 1660 6D3D,-50
906.75,4.227651051,3039 6062 C3AD 3FC0 001F 4997,-60
906.75,0.337475773,E200 0017 9408 0236 1560 799A,-55.5
917.25,3.227495578,E200 0017 9408 0236 1560 799A,-55.5
917.25,0.165669925,3039 6062 C3AD 3FC0 001F 4997,-61
917.25,0.552233084,E200 0017 9408 0139 1660 6D3D,-45
917.25,3.313398502,E200 0017 9408 0236 1560 799A,-55.5
917.25,0.515417545,E200 0017 9408 0139 1660 6D3D,-45
917.25,0.09817477,3039 6062 C3AD 3FC0 001F 4997,-61
917.25,0.012271846,3039 6062 C3AD 3FC0 001F 4997,-61
917.25,3.479068427,E200 0017 9408 0236 1560 799A,-55.5
917.25,0.386563159,E200 0017 9408 0139 1660 6D3D,-44.5
917.25,0.251572849,E200 0017 9408 0139 1660 6D3D,-44
917.25,3.607922813,E200 0017 9408 0236 1560 799A,-54.5
917.25,0.042951462,3039 6062 C3AD 3FC0 001F 4997,-60.5
917.25,0.251572849,E200 0017 9408 0139 1660 6D3D,-44
926.25,3.620194659,E200 0017 9408 0139 1660 6D3D,-39
926.25,1.767145868,E200 0017 9408 0236 1560 799A,-50.5
926.25,2.877747958,3039 6062 C3AD 3FC0 001F 4997,-63.5
926.25,2.93910719,3039 6062 C3AD 3FC0 001F 4997,-63.5
926.25,1.754874021,E200 0017 9408 0236 1560 799A,-50.5
926.25,3.571107274,E200 0017 9408 0139 1660 6D3D,-39
926.25,2.871612035,3039 6062 C3AD 3FC0 001F 4997,-64.5
926.25,3.448388811,E200 0017 9408 0139 1660 6D3D,-39
926.25,1.773281791,E200 0017 9408 0236 1560 799A,-50
926.25,3.436116965,E200 0017 9408 0139 1660 6D3D,-39
926.25,3.110913038,3039 6062 C3AD 3FC0 001F 4997,-64
926.25,1.785553637,E200 0017 9408 0236 1560 799A,-50
926.25,3.442252888,E200 0017 9408 0139 1660 6D3D,-39
924.25,3.976078202,E200 0017 9408 0139 1660 6D3D,-41.5
924.25,2.276427489,E200 0017 9408 0236 1560 799A,-51.5
924.25,0.79767001,E200 0017 9408 0139 1660 6D3D,-42
924.25,3.926990817,3039 6062 C3AD 3FC0 001F 4997,-66
924.25,2.165980872,E200 0017 9408 0236 1560 799A,-51.5
924.25,3.908583048,3039 6062 C3AD 3FC0 001F 4997,-66
924.25,2.35619449,E200 0017 9408 0236 1560 799A,-50.5
924.25,2.233476027,E200 0017 9408 0236 1560 799A,-50.5
924.25,0.208621387,E200 0017 9408 0139 1660 6D3D,-42
924.25,0.21475731,E200 0017 9408 0139 1660 6D3D,-41.5
908.25,0.392699082,E200 0017 9408 0236 1560 799A,-52
908.25,4.154019974,3039 6062 C3AD 3FC0 001F 4997,-63.5
908.25,4.595806441,E200 0017 9408 0139 1660 6D3D,-44.5
908.25,0.398835005,E200 0017 9408 0236 1560 799A,-52
908.25,4.074252973,3039 6062 C3AD 3FC0 001F 4997,-63.5
908.25,1.889864331,E280 1160 6000 0209 5014 4A91,-74.5
908.25,1.55852448,E200 0017 9408 0139 1660 6D3D,-44.5
908.25,0.398835005,E200 0017 9408 0236 1560 799A,-52.5
908.25,0.871301088,3039 6062 C3AD 3FC0 001F 4997,-63.5
908.25,1.730330329,E280 1160 6000 0209 5014 4A91,-75
908.25,0.392699082,E200 0017 9408 0236 1560 799A,-52
908.25,4.700117134,E200 0017 9408 0139 1660 6D3D,-44.5
908.25,0.901980703,3039 6062 C3AD 3FC0 001F 4997,-63.5
908.25,1.896000254,E280 1160 6000 0209 5014 4A91,-75
903.25,2.067806102,E200 0017 9408 0236 1560 799A,-51.5
903.25,2.755029495,E200 0017 9408 0139 1660 6D3D,-44
903.25,5.681864838,3039 6062 C3AD 3FC0 001F 4997,-62.5
903.25,2.080077948,E200 0017 9408 0236 1560 799A,-51.5
903.25,5.884350302,E200 0017 9408 0139 1660 6D3D,-44
903.25,5.890486225,E200 0017 9408 0139 1660 6D3D,-44
903.25,5.620505607,3039 6062 C3AD 3FC0 001F 4997,-62.5
903.25,5.632777453,3039 6062 C3AD 3FC0 001F 4997,-62.5
903.25,5.313709449,E280 1160 6000 0209 5014 4A91,-74.5
925.75,1.938951716,E200 0017 9408 0236 1560 799A,-49.5
925.75,3.166136346,E200 0017 9408 0139 1660 6D3D,-41.5
925.75,0.533825314,3039 6062 C3AD 3FC0 001F 4997,-67
925.75,2.012582794,E200 0017 9408 0236 1560 799A,-49.5
925.75,3.60178689,3039 6062 C3AD 3FC0 001F 4997,-67
925.75,2.000310947,E200 0017 9408 0236 1560 799A,-49.5
925.75,0.44792239,3039 6062 C3AD 3FC0 001F 4997,-66
925.75,3.534291735,3039 6062 C3AD 3FC0 001F 4997,-66
921.25,1.279339977,E200 0017 9408 0139 1660 6D3D,-42
921.25,0.09817477,E200 0017 9408 0236 1560 799A,-52
921.25,0.085902924,E200 0017 9408 0236 1560 799A,-52
921.25,1.352971055,E200 0017 9408 0139 1660 6D3D,-42
921.25,5.138835639,3039 6062 C3AD 3FC0 001F 4997,-65
921.25,6.050020227,C200 10D3 2002 29A4 BCC3 0004,-67.5
921.25,1.47875748,E200 0017 9408 0139 1660 6D3D,-41
921.25,0.141126232,E200 0017 9408 0236 1560 799A,-52.5
921.25,1.938951716,3039 6062 C3AD 3FC0 001F 4997,-65
921.25,6.07456392,C200 10D3 2002 29A4 BCC3 0004,-67.5
909.75,0.092038847,E200 0017 9408 0236 1560 799A,-52.5
909.75,5.994796919,3039 6062 C3AD 3FC0 001F 4997,-63.5
909.75,0.128854386,E200 0017 9408 0236 1560 799A,-52
909.75,2.724349879,3039 6062 C3AD 3FC0 001F 4997,-62.5
909.75,2.607767339,3039 6062 C3AD 3FC0 001F 4997,-60
909.75,0.227029157,E200 0017 9408 0236 1560 799A,-52
909.75,0.742446701,E280 1160 6000 0209 5014 4A91,-75.5
909.75,0.184077695,E200 0017 9408 0236 1560 799A,-51.5
909.75,2.669126571,3039 6062 C3AD 3FC0 001F 4997,-59.5
909.75,0.77926224,E280 1160 6000 0209 5014 4A91,-75.5
907.25,1.006291397,E200 0017 9408 0236 1560 799A,-51.5
907.25,5.614369684,E280 1160 6000 0209 5014 4A91,-75
907.25,0.68108747,3039 6062 C3AD 3FC0 001F 4997,-59.5
907.25,1.049242859,E200 0017 9408 0236 1560 799A,-52
907.25,3.902447124,3039 6062 C3AD 3FC0 001F 4997,-59.5
907.25,5.663457069,E280 1160 6000 0209 5014 4A91,-75
907.25,0.981747704,E200 0017 9408 0236 1560 799A,-52
907.25,3.976078202,3039 6062 C3AD 3FC0 001F 4997,-59
907.25,4.037437434,3039 6062 C3AD 3FC0 001F 4997,-59
907.25,0.994019551,E200 0017 9408 0236 1560 799A,-52
919.25,5.734020185,3039 6062 C3AD 3FC0 001F 4997,-63
919.25,4.154019974,E200 0017 9408 0236 1560 799A,-54.5
919.25,0.803805933,C200 10D3 2002 29A4 BCC3 0004,-67
919.25,4.190835513,E200 0017 9408 0236 1560 799A,-54.5
919.25,5.795379417,3039 6062 C3AD 3FC0 001F 4997,-63
919.25,0.773126317,C200 10D3 2002 29A4 BCC3 0004,-67
919.25,5.755495916,3039 6062 C3AD 3FC0 001F 4997,-63
919.25,1.040038974,E200 0017 9408 0236 1560 799A,-54.5
919.25,0.760854471,C200 10D3 2002 29A4 BCC3 0004,-67
919.25,4.203107359,E200 0017 9408 0236 1560 799A,-52.5
919.25,5.85980661,3039 6062 C3AD 3FC0 001F 4997,-62.5
918.75,4.160155897,E200 0017 9408 0236 1560 799A,-53.5
918.75,6.178874614,3039 6062 C3AD 3FC0 001F 4997,-61.5
918.75,4.031301511,E200 0017 9408 0236 1560 799A,-53.5
918.75,6.252505691,3039 6062 C3AD 3FC0 001F 4997,-62
918.75,1.000155474,C200 10D3 2002 29A4 BCC3 0004,-66.5
918.75,3.853359739,E200 0017 9408 0236 1560 799A,-53.5
918.75,0.134990309,3039 6062 C3AD 3FC0 001F 4997,-61.5
918.75,1.190369091,E200 0017 9408 0139 1660 6D3D,-38
918.75,3.706097584,E200 0017 9408 0236 1560 799A,-53
918.75,0.23316508,3039 6062 C3AD 3FC0 001F 4997,-62.5
918.75,0.227029157,3039 6062 C3AD 3FC0 001F 4997,-63
918.75,3.497476196,E200 0017 9408 0236 1560 799A,-52.5
918.75,0.239301003,3039 6062 C3AD 3FC0 001F 4997,-62
902.75,2.037126486,E200 0017 9408 0236 1560 799A,-52
902.75,5.556078414,E200 0017 9408 0139 1660 6D3D,-42
902.75,2.006446871,E200 0017 9408 0236 1560 799A,-51.5
902.75,6.013204689,3039 6062 C3AD 3FC0 001F 4997,-58.5
902.75,5.700272608,E280 1160 6000 0209 5014 4A91,-75
902.75,2.02485464,E200 0017 9408 0236 1560 799A,-51.5
902.75,5.951845457,3039 6062 C3AD 3FC0 001F 4997,-58
902.75,5.565282298,E280 1160 6000 0209 5014 4A91,-75
902.75,5.988660996,3039 6062 C3AD 3FC0 001F 4997,-58
902.75,2.067806102,E200 0017 9408 0236 1560 799A,-51.5
902.75,5.62664153,E280 1160 6000 0209 5014 4A91,-74.5
920.75,6.252505691,E200 0017 9408 0236 1560 799A,-52
920.75,3.049553806,E200 0017 9408 0236 1560 799A,-52
920.75,5.945709534,3039 6062 C3AD 3FC0 001F 4997,-64
920.75,6.17273869,E200 0017 9408 0236 1560 799A,-52.5
920.75,2.890019804,E200 0017 9408 0236 1560 799A,-50
920.75,0.840621472,E200 0017 9408 0139 1660 6D3D,-38
920.75,5.95798138,3039 6062 C3AD 3FC0 001F 4997,-64
920.75,0.951068088,E200 0017 9408 0139 1660 6D3D,-38.5
920.75,3.27044704,E200 0017 9408 0236 1560 799A,-51.5
920.75,5.896622149,3039 6062 C3AD 3FC0 001F 4997,-64
920.75,2.693670264,E200 0017 9408 0236 1560 799A,-52
920.75,5.970253226,3039 6062 C3AD 3FC0 001F 4997,-64
920.75,0.828349625,E200 0017 9408 0139 1660 6D3D,-38.5
920.75,3.025010114,E200 0017 9408 0236 1560 799A,-50.5
920.75,5.994796919,3039 6062 C3AD 3FC0 001F 4997,-64
914.75,4.552854978,E200 0017 9408 0236 1560 799A,-53
914.75,1.656699251,3039 6062 C3AD 3FC0 001F 4997,-62
914.75,4.558990902,E200 0017 9408 0236 1560 799A,-53
914.75,1.607611866,3039 6062 C3AD 3FC0 001F 4997,-62
914.75,1.589204096,3039 6062 C3AD 3FC0 001F 4997,-62.5
914.75,2.540272185,E200 0017 9408 0139 1660 6D3D,-39.5
914.75,4.522175363,E200 0017 9408 0236 1560 799A,-53
914.75,4.577398671,E200 0017 9408 0236 1560 799A,-53
914.75,1.570796327,3039 6062 C3AD 3FC0 001F 4997,-61.5
914.75,4.761476366,E280 1160 6000 0209 5014 4A91,-76.5
914.75,5.651185223,E200 0017 9408 0139 1660 6D3D,-40
914.75,5.602097837,E200 0017 9408 0139 1660 6D3D,-40
919.75,3.267379078,E200 0017 9408 0236 1560 799A,-53
919.75,6.145127036,3039 6062 C3AD 3FC0 001F 4997,-63
919.75,0.429514621,C200 10D3 2002 29A4 BCC3 0004,-66.5
919.75,3.411573272,E200 0017 9408 0236 1560 799A,-52.5
919.75,0.067495155,3039 6062 C3AD 3FC0 001F 4997,-61.5
919.75,1.000155474,E200 0017 9408 0139 1660 6D3D,-38
919.75,0.429514621,C200 10D3 2002 29A4 BCC3 0004,-66.5
919.75,0.245436926,E200 0017 9408 0236 1560 799A,-53
919.75,3.03728196,3039 6062 C3AD 3FC0 001F 4997,-63
919.75,4.043573357,E200 0017 9408 0139 1660 6D3D,-38.5
919.75,0.521553468,C200 10D3 2002 29A4 BCC3 0004,-67
919.75,4.028233549,E200 0017 9408 0139 1660 6D3D,-38.5
919.75,6.194214421,3039 6062 C3AD 3FC0 001F 4997,-62.5
919.75,0.484737929,C200 10D3 2002 29A4 BCC3 0004,-67
919.75,3.36862181,E200 0017 9408 0236 1560 799A,-53
913.75,1.896000254,3039 6062 C3AD 3FC0 001F 4997,-60.5
913.75,4.933282214,E200 0017 9408 0236 1560 799A,-53
913.75,5.694136685,E200 0017 9408 0139 1660 6D3D,-39.5
913.75,2.540272185,E200 0017 9408 0139 1660 6D3D,-39
913.75,1.932815793,3039 6062 C3AD 3FC0 001F 4997,-60.5
913.75,4.902602598,E200 0017 9408 0236 1560 799A,-53
913.75,1.877592484,3039 6062 C3AD 3FC0 001F 4997,-60
913.75,4.951689983,E200 0017 9408 0236 1560 799A,-53
913.75,5.221670602,E280 1160 6000 0209 5014 4A91,-76
913.75,4.957825906,E200 0017 9408 0236 1560 799A,-53
913.75,1.957359485,3039 6062 C3AD 3FC0 001F 4997,-60.5
913.75,5.51005899,E280 1160 6000 0209 5014 4A91,-76
904.25,1.699650713,E200 0017 9408 0236 1560 799A,-51.5
904.25,5.430291989,3039 6062 C3AD 3FC0 001F 4997,-58.5
904.25,1.595340019,E280 1160 6000 0209 5014 4A91,-74
904.25,5.424156066,3039 6062 C3AD 3FC0 001F 4997,-58.5
904.25,1.724194406,E200 0017 9408 0236 1560 799A,-51.5
904.25,4.651029749,E280 1160 6000 0209 5014 4A91,-73.5
904.25,1.761009944,E200 0017 9408 0236 1560 799A,-51
904.25,5.325981296,3039 6062 C3AD 3FC0 001F 4997,-57.5
904.25,1.797825483,E200 0017 9408 0236 1560 799A,-51.5
904.25,5.375068681,3039 6062 C3AD 3FC0 001F 4997,-58.5
906.25,1.153553552,E200 0017 9408 0236 1560 799A,-51.5
906.25,4.589670517,3039 6062 C3AD 3FC0 001F 4997,-58.5
906.25,4.73079675,3039 6062 C3AD 3FC0 001F 4997,-58.5
906.25,1.165825399,E200 0017 9408 0236 1560 799A,-51.5
906.25,1.11060209,E200 0017 9408 0236 1560 799A,-51.5
906.25,4.595806441,3039 6062 C3AD 3FC0 001F 4997,-58.5
906.25,0.276116542,E280 1160 6000 0209 5014 4A91,-74
906.25,1.282407939,E200 0017 9408 0139 1660 6D3D,-40.5
906.25,1.282407939,E200 0017 9408 0139 1660 6D3D,-40.5
906.25,4.61421421,3039 6062 C3AD 3FC0 001F 4997,-58.5
906.25,1.135145783,E200 0017 9408 0236 1560 799A,-51.5
906.25,0.085902924,E280 1160 6000 0209 5014 4A91,-74
906.25,4.71238898,3039 6062 C3AD 3FC0 001F 4997,-59
906.25,1.141281706,E200 0017 9408 0236 1560 799A,-51.5
907.75,4.055845203,E200 0017 9408 0139 1660 6D3D,-40
907.75,2.264155643,E280 1160 6000 0209 5014 4A91,-74
907.75,4.14788405,3039 6062 C3AD 3FC0 001F 4997,-58.5
907.75,0.638136008,E200 0017 9408 0236 1560 799A,-52
907.75,5.405748297,E280 1160 6000 0209 5014 4A91,-73.5
907.75,4.086524819,3039 6062 C3AD 3FC0 001F 4997,-58.5
907.75,0.6626797,E200 0017 9408 0236 1560 799A,-52
907.75,0.908116626,E200 0017 9408 0139 1660 6D3D,-40
907.75,2.362330413,E280 1160 6000 0209 5014 4A91,-74
907.75,0.601320469,E200 0017 9408 0236 1560 799A,-52
907.75,5.755495916,E280 1160 6000 0209 5014 4A91,-74
915.75,4.736932673,E200 0017 9408 0236 1560 799A,-54
915.75,4.203107359,E280 1160 6000 0209 5014 4A91,-75.5
915.75,1.896000254,E200 0017 9408 0139 1660 6D3D,-38
915.75,1.202640938,3039 6062 C3AD 3FC0 001F 4997,-60
915.75,4.706253057,E200 0017 9408 0236 1560 799A,-54
915.75,4.123340358,E280 1160 6000 0209 5014 4A91,-76
915.75,5.049864754,E200 0017 9408 0139 1660 6D3D,-38.5
915.75,4.73079675,E200 0017 9408 0236 1560 799A,-54
915.75,1.270136092,3039 6062 C3AD 3FC0 001F 4997,-60.5
915.75,4.178563666,E280 1160 6000 0209 5014 4A91,-76
915.75,1.202640938,3039 6062 C3AD 3FC0 001F 4997,-60
915.75,4.700117134,E200 0017 9408 0236 1560 799A,-54.5
914.25,5.037592907,E200 0017 9408 0236 1560 799A,-53.5
914.25,1.779417714,3039 6062 C3AD 3FC0 001F 4997,-60
914.25,5.068272523,E200 0017 9408 0236 1560 799A,-53.5
914.25,1.81009733,3039 6062 C3AD 3FC0 001F 4997,-60
914.25,5.448699759,E200 0017 9408 0139 1660 6D3D,-38.5
914.25,4.970097753,E280 1160 6000 0209 5014 4A91,-75.5
914.25,5.430291989,E200 0017 9408 0139 1660 6D3D,-38.5
914.25,1.79168956,3039 6062 C3AD 3FC0 001F 4997,-60
914.25,5.092816216,E200 0017 9408 0236 1560 799A,-54
914.25,4.804427828,E280 1160 6000 0209 5014 4A91,-76
914.25,5.092816216,E200 0017 9408 0236 1560 799A,-53
914.25,1.761009944,3039 6062 C3AD 3FC0 001F 4997,-59.5
914.25,5.006913292,E280 1160 6000 0209 5014 4A91,-76
916.75,0.883572934,3039 6062 C3AD 3FC0 001F 4997,-60.5
916.75,4.49763167,E200 0017 9408 0236 1560 799A,-54
916.75,0.497009775,E280 1160 6000 0209 5014 4A91,-76
916.75,0.932660319,3039 6062 C3AD 3FC0 001F 4997,-60
916.75,4.503767593,E200 0017 9408 0236 1560 799A,-54
916.75,4.540583132,E200 0017 9408 0236 1560 799A,-54
916.75,0.957204012,3039 6062 C3AD 3FC0 001F 4997,-60
916.75,4.509903516,E200 0017 9408 0236 1560 799A,-54
916.75,0.859029241,3039 6062 C3AD 3FC0 001F 4997,-60
916.75,0.865165164,3039 6062 C3AD 3FC0 001F 4997,-59.5
916.75,4.528311286,E200 0017 9408 0236 1560 799A,-54
915.25,5.126563793,E200 0017 9408 0139 1660 6D3D,-38.5
915.25,1.411262325,E280 1160 6000 0209 5014 4A91,-75.5
915.25,4.546719055,3039 6062 C3AD 3FC0 001F 4997,-60
915.25,4.816699674,E200 0017 9408 0236 1560 799A,-54.5
915.25,4.902602598,E200 0017 9408 0236 1560 799A,-54.5
915.25,1.441941941,3039 6062 C3AD 3FC0 001F 4997,-60
915.25,5.878214379,C200 10D3 2002 29A4 BCC3 0004,-67.5
915.25,4.706253057,E280 1160 6000 0209 5014 4A91,-76
915.25,2.116893487,E200 0017 9408 0139 1660 6D3D,-38
915.25,1.491029326,3039 6062 C3AD 3FC0 001F 4997,-60
915.25,4.927146291,E200 0017 9408 0236 1560 799A,-54.5
915.25,1.417398248,3039 6062 C3AD 3FC0 001F 4997,-60
915.25,4.927146291,E200 0017 9408 0236 1560 799A,-54.5
917.75,1.506369134,C200 10D3 2002 29A4 BCC3 0004,-67.5
917.75,4.635689941,E200 0017 9408 0139 1660 6D3D,-38
917.75,3.055689729,E280 1160 6000 0209 5014 4A91,-75
917.75,0.567572892,3039 6062 C3AD 3FC0 001F 4997,-60.5
917.75,4.549787017,E200 0017 9408 0236 1560 799A,-56
917.75,4.675573441,E200 0017 9408 0236 1560 799A,-56.5
917.75,0.56450493,3039 6062 C3AD 3FC0 001F 4997,-59.5
917.75,0.558369007,3039 6062 C3AD 3FC0 001F 4997,-60
917.75,4.620350133,E200 0017 9408 0236 1560 799A,-56.5
917.75,4.687845288,E200 0017 9408 0236 1560 799A,-57
917.75,0.515417545,3039 6062 C3AD 3FC0 001F 4997,-59
922.75,1.794757522,3039 6062 C3AD 3FC0 001F 4997,-60.5
922.75,0.690291355,E200 0017 9408 0236 1560 799A,-54.5
922.75,3.871767509,E200 0017 9408 0236 1560 799A,-54
922.75,4.970097753,3039 6062 C3AD 3FC0 001F 4997,-60
922.75,4.951689983,3039 6062 C3AD 3FC0 001F 4997,-60
922.75,3.841087893,E200 0017 9408 0236 1560 799A,-54
922.75,0.128854386,E200 0017 9408 0139 1660 6D3D,-37
922.75,3.83495197,E200 0017 9408 0236 1560 799A,-54
922.75,4.970097753,3039 6062 C3AD 3FC0 001F 4997,-60
922.75,3.902447124,E200 0017 9408 0236 1560 799A,-54
922.75,4.957825906,3039 6062 C3AD 3FC0 001F 4997,-59.5
922.75,0.128854386,E200 0017 9408 0139 1660 6D3D,-37
924.75,4.184699589,3039 6062 C3AD 3FC0 001F 4997,-59.5
924.75,3.350214041,E200 0017 9408 0236 1560 799A,-53
924.75,3.325670348,E200 0017 9408 0236 1560 799A,-53
924.75,4.117204435,3039 6062 C3AD 3FC0 001F 4997,-60
924.75,4.26446659,3039 6062 C3AD 3FC0 001F 4997,-60
924.75,3.307262579,E200 0017 9408 0236 1560 799A,-53
924.75,4.331961745,3039 6062 C3AD 3FC0 001F 4997,-60
924.75,3.331806271,E200 0017 9408 0236 1560 799A,-53
924.75,4.26446659,3039 6062 C3AD 3FC0 001F 4997,-60
924.75,3.331806271,E200 0017 9408 0236 1560 799A,-53
924.75,5.85980661,E200 0017 9408 0139 1660 6D3D,-36.5
924.75,4.246058821,3039 6062 C3AD 3FC0 001F 4997,-60
924.75,3.374757733,E200 0017 9408 0236 1560 799A,-52.5
916.25,5.114291947,E200 0017 9408 0139 1660 6D3D,-38.5
916.25,2.030990563,E200 0017 9408 0139 1660 6D3D,-38
916.25,1.055378782,3039 6062 C3AD 3FC0 001F 4997,-58.5
916.25,4.884194829,E200 0017 9408 0236 1560 799A,-57
916.25,1.061514705,3039 6062 C3AD 3FC0 001F 4997,-59
916.25,4.871922982,E200 0017 9408 0236 1560 799A,-57
916.25,1.104466167,3039 6062 C3AD 3FC0 001F 4997,-59
916.25,4.859651136,E200 0017 9408 0236 1560 799A,-57
916.25,0.674951547,E280 1160 6000 0209 5014 4A91,-76
916.25,1.043106936,3039 6062 C3AD 3FC0 001F 4997,-58.5
916.25,4.82897152,E200 0017 9408 0236 1560 799A,-57
916.25,0.987883627,E280 1160 6000 0209 5014 4A91,-76
918.25,4.638757903,E200 0017 9408 0236 1560 799A,-57.5
918.25,0.220893233,3039 6062 C3AD 3FC0 001F 4997,-58.5
918.25,0.300660234,3039 6062 C3AD 3FC0 001F 4997,-59
918.25,4.700117134,E200 0017 9408 0236 1560 799A,-57
918.25,4.638757903,E200 0017 9408 0236 1560 799A,-57
918.25,0.276116542,3039 6062 C3AD 3FC0 001F 4997,-59
918.25,5.95798138,E280 1160 6000 0209 5014 4A91,-76
918.25,4.644893826,E200 0017 9408 0236 1560 799A,-57.5
918.25,0.294524311,3039 6062 C3AD 3FC0 001F 4997,-59.5
913.25,5.473243451,E200 0017 9408 0236 1560 799A,-56
913.25,2.135301257,3039 6062 C3AD 3FC0 001F 4997,-59.5
913.25,2.969786805,E200 0017 9408 0139 1660 6D3D,-39
913.25,6.111379459,E200 0017 9408 0139 1660 6D3D,-39
913.25,2.190524565,3039 6062 C3AD 3FC0 001F 4997,-60.5
913.25,5.460971605,E200 0017 9408 0236 1560 799A,-56
913.25,5.473243451,E200 0017 9408 0236 1560 799A,-56
913.25,2.135301257,3039 6062 C3AD 3FC0 001F 4997,-62
913.25,2.393010029,3039 6062 C3AD 3FC0 001F 4997,-62.5
913.25,5.51005899,E200 0017 9408 0236 1560 799A,-56
913.25,5.460971605,E200 0017 9408 0236 1560 799A,-56
909.25,0.288388388,E200 0017 9408 0236 1560 799A,-53.5
909.25,0.386563159,E200 0017 9408 0236 1560 799A,-53.5
909.25,4.141748127,3039 6062 C3AD 3FC0 001F 4997,-64
909.25,0.306796158,E200 0017 9408 0236 1560 799A,-53.5
909.25,0.306796158,E200 0017 9408 0236 1560 799A,-53.5
909.25,0.282252465,E200 0017 9408 0236 1560 799A,-53.5
909.25,1.644427405,E280 1160 6000 0209 5014 4A91,-74.5
909.25,3.822680123,3039 6062 C3AD 3FC0 001F 4997,-64
923.75,6.280117346,E200 0017 9408 0139 1660 6D3D,-37.5
923.75,3.60178689,E200 0017 9408 0236 1560 799A,-54.5
923.75,3.583379121,E200 0017 9408 0236 1560 799A,-54.5
923.75,3.632466506,E200 0017 9408 0236 1560 799A,-55
923.75,3.607922813,E200 0017 9408 0236 1560 799A,-55
905.25,1.748738098,E200 0017 9408 0236 1560 799A,-52
905.25,4.092660742,E280 1160 6000 0209 5014 4A91,-74
905.25,4.908738521,E200 0017 9408 0236 1560 799A,-52
905.25,0.809941856,E280 1160 6000 0209 5014 4A91,-74.5
905.25,2.055534256,E200 0017 9408 0139 1660 6D3D,-40.5
905.25,1.779417714,E200 0017 9408 0236 1560 799A,-52
905.25,4.454680208,E280 1160 6000 0209 5013 6C30,-67
905.25,1.779417714,E200 0017 9408 0236 1560 799A,-52.5
905.25,4.448544285,E280 1160 6000 0209 5013 6C30,-67
926.75,2.712078033,E200 0017 9408 0236 1560 799A,-52.5
926.75,4.767612289,3039 6062 C3AD 3FC0 001F 4997,-66
926.75,2.742757649,E200 0017 9408 0236 1560 799A,-52.5
926.75,4.816699674,3039 6062 C3AD 3FC0 001F 4997,-66
926.75,2.724349879,E200 0017 9408 0236 1560 799A,-52.5
926.75,4.779884135,3039 6062 C3AD 3FC0 001F 4997,-66
926.75,2.70594211,E200 0017 9408 0236 1560 799A,-52.5
926.75,4.786020058,3039 6062 C3AD 3FC0 001F 4997,-66.5
922.25,3.93312674,E200 0017 9408 0236 1560 799A,-55.5
922.25,6.117515382,3039 6062 C3AD 3FC0 001F 4997,-66
922.25,3.95153451,E200 0017 9408 0236 1560 799A,-55.5
922.25,6.129787228,3039 6062 C3AD 3FC0 001F 4997,-66
922.25,3.926990817,E200 0017 9408 0236 1560 799A,-55
922.25,0.625864161,E200 0017 9408 0139 1660 6D3D,-37
922.25,6.123651305,3039 6062 C3AD 3FC0 001F 4997,-66
922.25,3.93312674,E200 0017 9408 0236 1560 799A,-55
922.25,6.154330921,3039 6062 C3AD 3FC0 001F 4997,-66
925.25,6.160466844,E200 0017 9408 0236 1560 799A,-53
925.25,5.933437688,E200 0017 9408 0139 1660 6D3D,-36.5
925.25,1.991107063,3039 6062 C3AD 3FC0 001F 4997,-66
925.25,2.994330498,E200 0017 9408 0236 1560 799A,-52.5
925.25,5.129631755,3039 6062 C3AD 3FC0 001F 4997,-66
925.25,2.969786805,E200 0017 9408 0236 1560 799A,-52.5
925.25,3.018874191,E200 0017 9408 0236 1560 799A,-52.5
925.25,2.908427574,E200 0017 9408 0236 1560 799A,-52.5
925.25,5.037592907,3039 6062 C3AD 3FC0 001F 4997,-64
920.25,1.067650628,E200 0017 9408 0139 1660 6D3D,-37
920.25,1.104466167,E200 0017 9408 0236 1560 799A,-55.5
920.25,0.527689391,3039 6062 C3AD 3FC0 001F 4997,-64.5
920.25,1.000155474,E200 0017 9408 0139 1660 6D3D,-37.5
920.25,0.558369007,3039 6062 C3AD 3FC0 001F 4997,-65
920.25,1.141281706,E200 0017 9408 0236 1560 799A,-56
920.25,0.987883627,E200 0017 9408 0139 1660 6D3D,-37
920.25,0.558369007,3039 6062 C3AD 3FC0 001F 4997,-64.5
908.75,0.490873852,E200 0017 9408 0236 1560 799A,-53
908.75,0.472466083,E200 0017 9408 0236 1560 799A,-53
908.75,2.153709026,E280 1160 6000 0209 5013 6C30,-67.5
908.75,0.44792239,E200 0017 9408 0236 1560 799A,-53
908.75,0.44792239,E200 0017 9408 0236 1560 799A,-53
908.75,1.773281791,E280 1160 6000 0209 5014 4A91,-74.5
908.75,0.454058313,E200 0017 9408 0236 1560 799A,-53
908.75,1.699650713,E280 1160 6000 0209 5014 4A91,-74
927.25,4.338097668,3039 6062 C3AD 3FC0 001F 4997,-64
927.25,2.37460226,E200 0017 9408 0236 1560 799A,-51
927.25,4.552854978,3039 6062 C3AD 3FC0 001F 4997,-64
927.25,2.399145952,E200 0017 9408 0236 1560 799A,-51.5
927.25,4.479223901,3039 6062 C3AD 3FC0 001F 4997,-63.5
927.25,2.386874106,E200 0017 9408 0236 1560 799A,-51
927.25,2.411417799,E200 0017 9408 0236 1560 799A,-51.5
927.25,4.509903516,3039 6062 C3AD 3FC0 001F 4997,-63.5
911.25,6.031612458,E200 0017 9408 0236 1560 799A,-54.5
911.25,3.804272354,3039 6062 C3AD 3FC0 001F 4997,-63.5
911.25,5.988660996,E200 0017 9408 0236 1560 799A,-54
911.25,3.804272354,3039 6062 C3AD 3FC0 001F 4997,-63.5
911.25,3.693825737,3039 6062 C3AD 3FC0 001F 4997,-63
911.25,6.007068765,E200 0017 9408 0236 1560 799A,-54
911.25,0.282252465,E280 1160 6000 0209 5014 4A91,-74.5
911.25,5.982525073,E200 0017 9408 0236 1560 799A,-53.5
911.25,3.663146121,3039 6062 C3AD 3FC0 001F 4997,-62
911.25,0.220893233,E280 1160 6000 0209 5014 4A91,-75
903.75,2.178252719,E200 0017 9408 0236 1560 799A,-52
903.75,2.215068258,E200 0017 9408 0236 1560 799A,-51.5
903.75,2.184388642,E200 0017 9408 0236 1560 799A,-51.5
903.75,4.927146291,E280 1160 6000 0209 5014 4A91,-74.5
903.75,2.153709026,E200 0017 9408 0236 1560 799A,-51.5
903.75,2.147573103,E200 0017 9408 0236 1560 799A,-51.5
903.75,5.694136685,3039 6062 C3AD 3FC0 001F 4997,-63.5
910.75,6.07456392,E200 0017 9408 0236 1560 799A,-54
910.75,0.067495155,3039 6062 C3AD 3FC0 001F 4997,-63.5
910.75,0.417242774,E280 1160 6000 0209 5014 4A91,-75
910.75,6.080699843,E200 0017 9408 0236 1560 799A,-53.5
910.75,6.246369768,3039 6062 C3AD 3FC0 001F 4997,-63.5
910.75,0.490873852,E280 1160 6000 0209 5014 4A91,-74.5
910.75,6.07456392,E200 0017 9408 0236 1560 799A,-53.5
910.75,0.705631162,E280 1160 6000 0209 5014 4A91,-74.5
912.75,5.553010452,E200 0017 9408 0236 1560 799A,-54.5
912.75,5.620505607,E280 1160 6000 0209 5014 4A91,-75
912.75,2.202796411,3039 6062 C3AD 3FC0 001F 4997,-62.5
912.75,5.559146375,E280 1160 6000 0209 5014 4A91,-75
912.75,2.165980872,3039 6062 C3AD 3FC0 001F 4997,-62
912.75,5.52846676,E200 0017 9408 0236 1560 799A,-54.5
912.75,5.700272608,E280 1160 6000 0209 5014 4A91,-75.5
912.75,5.534602683,E200 0017 9408 0236 1560 799A,-54.5
912.75,2.159844949,3039 6062 C3AD 3FC0 001F 4997,-62.5
912.75,5.810719225,E280 1160 6000 0209 5014 4A91,-75.5
